DP0001,"ตุ๊กตาน้องกระต่ายนุ่มนิ่มมีให้เลือก 3 สี|ขนาด |30cm 350 บาท|40cm 550 บาท|50cm 800 บาท"
DP0002,"ตุ๊กตาน้องกระต่ายนุ่มนิ่มมีให้เลือก 3 สี|ขนาด |30cm 350 บาท|40cm 550 บาท|50cm 800 บาท"
DP0003,"ตุ๊กตาน้องกระต่ายนุ่มนิ่มมีให้เลือก 3 สี|ขนาด |30cm 350 บาท|40cm 550 บาท|50cm 800 บาท"
DP0073,"หมอนหนุน/สอดมือ/ผ้าห่ม 12ราศี|หมอนสอดมือ 27cm 300 บาท|หมอนหนุน 45cm 400 บาท|หมอน(27cm)ผ้าห่ม(140cm) 450 บาท"
DP0074,"หมอนหนุน/สอดมือ/ผ้าห่ม 12ราศี|หมอนสอดมือ 27cm 300 บาท|หมอนหนุน 45cm 400 บาท|หมอน(27cm)ผ้าห่ม(140cm) 450 บาท"
DP0075,"หมอนหนุน/สอดมือ/ผ้าห่ม 12ราศี|หมอนสอดมือ 27cm 300 บาท|หมอนหนุน 45cm 400 บาท|หมอน(27cm)ผ้าห่ม(140cm) 450 บาท"
DP0076,"หมอนหนุน/สอดมือ/ผ้าห่ม 12ราศี|หมอนสอดมือ 27cm 300 บาท|หมอนหนุน 45cm 400 บาท|หมอน(27cm)ผ้าห่ม(140cm) 450 บาท"
DP0077,"หมอนหนุน/สอดมือ/ผ้าห่ม 12ราศี|หมอนสอดมือ 27cm 300 บาท|หมอนหนุน 45cm 400 บาท|หมอน(27cm)ผ้าห่ม(140cm) 450 บาท"
DP0078,"หมอนหนุน/สอดมือ/ผ้าห่ม 12ราศี|หมอนสอดมือ 27cm 300 บาท|หมอนหนุน 45cm 400 บาท|หมอน(27cm)ผ้าห่ม(140cm) 450 บาท"
DP0079,"หมอนหนุน/สอดมือ/ผ้าห่ม 12ราศี|หมอนสอดมือ 27cm 300 บาท|หมอนหนุน 45cm 400 บาท|หมอน(27cm)ผ้าห่ม(140cm) 450 บาท"
DP0080,"หมอนหนุน/สอดมือ/ผ้าห่ม 12ราศี|หมอนสอดมือ 27cm 300 บาท|หมอนหนุน 45cm 400 บาท|หมอน(27cm)ผ้าห่ม(140cm) 450 บาท"
DP0081,"หมอนหนุน/สอดมือ/ผ้าห่ม 12ราศี|หมอนสอดมือ 27cm 300 บาท|หมอนหนุน 45cm 400 บาท|หมอน(27cm)ผ้าห่ม(140cm) 450 บาท"
DP0082,"หมอนหนุน/สอดมือ/ผ้าห่ม 12ราศี|หมอนสอดมือ 27cm 300 บาท|หมอนหนุน 45cm 400 บาท|หมอน(27cm)ผ้าห่ม(140cm) 450 บาท"
DP0083,"หมอนหนุน/สอดมือ/ผ้าห่ม 12ราศี|หมอนสอดมือ 27cm 300 บาท|หมอนหนุน 45cm 400 บาท|หมอน(27cm)ผ้าห่ม(140cm) 450 บาท"
DP0084,"หมอนหนุน/สอดมือ/ผ้าห่ม 12ราศี|หมอนสอดมือ 27cm 300 บาท|หมอนหนุน 45cm 400 บาท|หมอน(27cm)ผ้าห่ม(140cm) 450 บาท"
DP0087,"หมอนหน้าน้องหมาชามอย|ขนาด 50*40*20cm|ราคา 690 บาท"
DP0088,"หมอนหน้าน้องไซบีเรีย ฮัสกี้|ขนาด 55*50*25cm|ราคา 770 บาท"
DP0089,"ที่ปิดปาก/ปิดตา น้องแมว|ราคา 130 บาท"
DP0090,"ที่ปิดปาก/ปิดตา น้องแมว|ราคา 130 บาท"
DP0091,"ที่ปิดปาก/ปิดตา น้องแมว|ราคา 130 บาท"
DP0092,"ที่ปิดปาก/ปิดตา น้องแมว|ราคา 130 บาท"
DP0093,"ที่ปิดปาก/ปิดตา น้องแมว|ราคา 130 บาท"
DP0094,"ที่ปิดปาก/ปิดตา น้องแมว|ราคา 130 บาท"
DP0096,"ที่ปิดปาก/ปิดตา น้องเสือ|ราคา 130 บาท"
DP0097,"ที่ปิดปาก/ปิดตา น้องเสือ|ราคา 130 บาท"
DP0098,"ที่ปิดปาก/ปิดตา น้องหมา|ราคา 130 บาท"
DP0099,"ที่ปิดปาก/ปิดตา น้องหมา|ราคา 130 บาท"
DP0100,"ที่ปิดปาก/ปิดตา น้องหมา|ราคา 130 บาท"
DP0101,"ที่ปิดปาก/ปิดตา น้องหมา|ราคา 130 บาท"
DP0102,"ที่ปิดปาก/ปิดตา น้องหมา|ราคา 130 บาท"
DP0103,"ที่ปิดปาก/ปิดตา น้องแมว|ราคา 130 บาท"
DP0104,"ที่ปิดปาก/ปิดตา น้องแมว|ราคา 130 บาท"
DP0105,"ที่ปิดปาก/ปิดตา น้องแมว|ราคา 130 บาท"
DP0106,"เบาะรองนั่งลายส้ม|ขนาด เส้นผ่านศูนย์กลาง 40cm|ราคา 450 บาท"
DP0107,"เบาะรองนั่งลายแตงโม|ขนาด เส้นผ่านศูนย์กลาง 40cm|ราคา 450 บาท"
DP0108,"เบาะรองนั่งลายกีวี่|ขนาด เส้นผ่านศูนย์กลาง 40cm|ราคา 450 บาท"
DP0109,"เบาะรองนั่งลายแก้วมังกร|ขนาด เส้นผ่านศูนย์กลาง 40cm|ราคา 450 บาท"
DP0110,"ตุ๊กตาน้องกระต่าย ขนนิ่มมาก สีขาว|ขนาด 40cm|ราคา 540 บาท"
DP0111,"ตุ๊กตาน้องกระต่าย ขนนิ่มมาก สีชมพู|ขนาด 40cm|ราคา 540 บาท"
DP0112,"ตุ๊กตาน้องกระต่าย ขนนิ่มมาก สีน้ำตาล|ขนาด 40cm|ราคา 540 บาท"
DP0113,"ตุ๊กตาน้องกระต่าย ขนนิ่มมาก สีขาวเทา|ขนาด 40cm|ราคา 540 บาท"
DP0114,"ตุ๊กตา Baymax BigHero|ขนาด |18cm 180 บาท|30cm 340 บาท|38cm 500 บาท"
DP0115,"หมอนสอดมือน้องแกะ ขนนิ่ม สีเขียวแก่|ขนาด 30*35cm|ราคา 400 บาท"
DP0116,"หมอนสอดมือน้องแกะ ขนนิ่ม สีชมพู|ขนาด 30*35cm|ราคา 400 บาท"
DP0117,"หมอนสอดมือน้องแกะ ขนนิ่ม สีขาว|ขนาด 30*35cm|ราคา 400 บาท"
DP0118,"หมอนสอดมือน้องแกะ ขนนิ่ม สีม่วง|ขนาด 30*35cm|ราคา 400 บาท"
DP0119,"ตุ๊กตา Moomin MoominValley|ขนาด |28cm 400 บาท|60cm 770 บาท|85cm 1200บาท|100cm 1500บาท"
DP0121,"หมอนดอกกุหลาบ ขนาดเส้นผ่านศูนย์กลาง|30cm 380บาท|40cm 420บาท|50cm 540บาท|60cm 670บาท|70cm 1100บาท|90cm 1500บาท"
DP0122,"หมอนดอกกุหลาบ ขนาดเส้นผ่านศูนย์กลาง|30cm 380บาท|40cm 420บาท|50cm 540บาท|60cm 670บาท|70cm 1100บาท|90cm 1500บาท"
DP0123,"หมอนดอกกุหลาบ ขนาดเส้นผ่านศูนย์กลาง|30cm 380บาท|40cm 420บาท|50cm 540บาท|60cm 670บาท|70cm 1100บาท|90cm 1500บาท"
DP0124,"หมอนดอกกุหลาบ ขนาดเส้นผ่านศูนย์กลาง|30cm 380บาท|40cm 420บาท|50cm 540บาท|60cm 670บาท|70cm 1100บาท|90cm 1500บาท"
DP0125,"หมอนดอกกุหลาบ ขนาดเส้นผ่านศูนย์กลาง|30cm 380บาท|40cm 420บาท|50cm 540บาท|60cm 670บาท|70cm 1100บาท|90cm 1500บาท"
DP0126,"หมอนดอกกุหลาบ ขนาดเส้นผ่านศูนย์กลาง|30cm 380บาท|40cm 420บาท|50cm 540บาท|60cm 670บาท|70cm 1100บาท|90cm 1500บาท"
DP0127,"หมอนน้องเหมียวหันหลัง เอาไว้พิงหลังเก๋ๆ|สี : ขาว ดำ เทา|ขนาด|ใหญ่ 70cm ราคา 470 บาท|เล็ก 45cm ราคา 270 บาท"
DP0128,"หมอนน้องเหมียวหันหลัง เอาไว้พิงหลังเก๋ๆ|สี : ขาว ดำ เทา|ขนาด|ใหญ่ 70cm ราคา 470 บาท|เล็ก 45cm ราคา 270 บาท"
DP0129,"หมอนน้องเหมียวหันหลัง เอาไว้พิงหลังเก๋ๆ|สี : ขาว ดำ เทา|ขนาด|ใหญ่ 70cm ราคา 470 บาท|เล็ก 45cm ราคา 270 บาท"
DP0130,"เบาะรองนั่งทรงกลมหน้าบรรดาสัตว์|ขนาด เส้นผ่านศูนย์กลาง 35 cm หน้า 8 cm|ราคา 270 บาท"
DP0131,"เบาะรองนั่งทรงกลมหน้าบรรดาสัตว์|ขนาด เส้นผ่านศูนย์กลาง 35 cm หนา 8 cm|ราคา 270 บาท"
DP0132,"เบาะรองนั่งทรงกลมหน้าบรรดาสัตว์|ขนาด เส้นผ่านศูนย์กลาง 35 cm หนา 8 cm|ราคา 270 บาท"
DP0133,"เบาะรองนั่งทรงกลมหน้าบรรดาสัตว์|ขนาด เส้นผ่านศูนย์กลาง 35 cm หนา 8 cm|ราคา 270 บาท"
DP0134,"เบาะรองนั่ง หรือ หมอนสอดมือ มาการองหลากสีสัน|ขนาด เส้นผ่านศูนย์กลาง 35 cm|ราคา(ต่อชิ้น) 370 บาท"
DP0135,"เบาะรองนั่ง หรือ หมอนสอดมือ มาการองหลากสีสัน|ขนาด เส้นผ่านศูนย์กลาง 35 cm|ราคา(ต่อชิ้น) 370 บาท"
DP0136,"เบาะรองนั่ง หรือ หมอนสอดมือ มาการองหลากสีสัน|ขนาด เส้นผ่านศูนย์กลาง 35 cm|ราคา(ต่อชิ้น) 370 บาท"
DP0137,"เบาะรองนั่ง หรือ หมอนสอดมือ มาการองหลากสีสัน|ขนาด เส้นผ่านศูนย์กลาง 35 cm|ราคา(ต่อชิ้น) 370 บาท"
DP0138,"หมอนซุกมือ+ผ้าห่ม |ขนาด|ตัวหมอน 40*28cm|ผ้าห่ม(ลายเดียวกับหมอน) 100*150cm (1*1.5m)|ราคา 500 บาท"
DP0139,"หมอนซุกมือ+ผ้าห่ม |ขนาด|ตัวหมอน 40*28cm|ผ้าห่ม(ลายเดียวกับหมอน) 100*150cm (1*1.5m)|ราคา 500 บาท"
DP0140,"หมอนซุกมือ+ผ้าห่ม |ขนาด|ตัวหมอน 40*28cm|ผ้าห่ม(ลายเดียวกับหมอน) 100*150cm (1*1.5m)|ราคา 500 บาท"
DP0141,"หมอนซุกมือ+ผ้าห่ม |ขนาด|ตัวหมอน 40*28cm|ผ้าห่ม(ลายเดียวกับหมอน) 100*150cm (1*1.5m)|ราคา 500 บาท"
DP0142,"หมอนซุกมือ+ผ้าห่ม |ขนาด|ตัวหมอน 40*28cm|ผ้าห่ม(ลายเดียวกับหมอน) 100*150cm (1*1.5m)|ราคา 500 บาท"
DP0143,"หมอนซุกมือ+ผ้าห่ม |ขนาด|ตัวหมอน 40*28cm|ผ้าห่ม(ลายเดียวกับหมอน) 100*150cm (1*1.5m)|ราคา 500 บาท"
DP0144,"หมอนซุกมือ+ผ้าห่ม |ขนาด|ตัวหมอน 40*28cm|ผ้าห่ม(ลายเดียวกับหมอน) 100*150cm (1*1.5m)|ราคา 500 บาท"
DP0145,"หมอนซุกมือ+ผ้าห่ม |ขนาด|ตัวหมอน 40*28cm|ผ้าห่ม(ลายเดียวกับหมอน) 100*150cm (1*1.5m)|ราคา 500 บาท"
DP0146,"หมอนซุกมือ+ผ้าห่ม |ขนาด|ตัวหมอน 40*28cm|ผ้าห่ม(ลายเดียวกับหมอน) 100*150cm (1*1.5m)|ราคา 500 บาท"
DP0147,"หมอนซุกมือ+ผ้าห่ม |ขนาด|ตัวหมอน 40*28cm|ผ้าห่ม(ลายเดียวกับหมอน) 100*150cm (1*1.5m)|ราคา 500 บาท"
DP0148,"หมอนซุกมือ+ผ้าห่ม |ขนาด|ตัวหมอน 40*28cm|ผ้าห่ม(ลายเดียวกับหมอน) 100*150cm (1*1.5m)|ราคา 500 บาท"
DP0149,"หมอนซุกมือ+ผ้าห่ม |ขนาด|ตัวหมอน 40*28cm|ผ้าห่ม(ลายเดียวกับหมอน) 100*150cm (1*1.5m)|ราคา 500 บาท"
DP0150,"หมอนซุกมือ+ผ้าห่ม |ขนาด|ตัวหมอน 40*28cm|ผ้าห่ม(ลายเดียวกับหมอน) 100*150cm (1*1.5m)|ราคา 500 บาท"
DP0151,"หมอนซุกมือ+ผ้าห่ม |ขนาด|ตัวหมอน 40*28cm|ผ้าห่ม(ลายเดียวกับหมอน) 100*150cm (1*1.5m)|ราคา 500 บาท"
DP0152,"หมอนซุกมือ+ผ้าห่ม |ขนาด|ตัวหมอน 40*28cm|ผ้าห่ม(ลายเดียวกับหมอน) 100*150cm (1*1.5m)|ราคา 500 บาท"
DP0153,"หมอนซุกมือ+ผ้าห่ม |ขนาด|ตัวหมอน 40*28cm|ผ้าห่ม(ลายเดียวกับหมอน) 100*150cm (1*1.5m)|ราคา 500 บาท"
DP0154,"หมอนซุกมือ+ผ้าห่ม |ขนาด|ตัวหมอน 40*28cm|ผ้าห่ม(ลายเดียวกับหมอน) 100*150cm (1*1.5m)|ราคา 500 บาท"
DP0155,"หมอนซุกมือ+ผ้าห่ม |ขนาด|ตัวหมอน 40*28cm|ผ้าห่ม(ลายเดียวกับหมอน) 100*150cm (1*1.5m)|ราคา 500 บาท"
DP0156,"หมอนซุกมือ+ผ้าห่ม |ขนาด|ตัวหมอน 40*28cm|ผ้าห่ม(ลายเดียวกับหมอน) 100*150cm (1*1.5m)|ราคา 500 บาท"
DP0157,"หมอนซุกมือ+ผ้าห่ม |ขนาด|ตัวหมอน 40*28cm|ผ้าห่ม(ลายเดียวกับหมอน) 100*150cm (1*1.5m)|ราคา 500 บาท"
DP0158,"หมอนซุกมือ+ผ้าห่ม |ขนาด|ตัวหมอน 40*28cm|ผ้าห่ม(ลายเดียวกับหมอน) 100*150cm (1*1.5m)|ราคา 500 บาท"
DP0159,"หมอนซุกมือ+ผ้าห่ม |ขนาด|ตัวหมอน 40*28cm|ผ้าห่ม(ลายเดียวกับหมอน) 100*150cm (1*1.5m)|ราคา 500 บาท"
DP0160,"หมอนซุกมือ+ผ้าห่ม |ขนาด|ตัวหมอน 40*28cm|ผ้าห่ม(ลายเดียวกับหมอน) 100*150cm (1*1.5m)|ราคา 500 บาท"
DP0161,"หมอนซุกมือ+ผ้าห่ม |ขนาด|ตัวหมอน 40*28cm|ผ้าห่ม(ลายเดียวกับหมอน) 100*150cm (1*1.5m)|ราคา 500 บาท"
DP0162,"หมอนซุกมือ+ผ้าห่ม |ขนาด|ตัวหมอน 40*28cm|ผ้าห่ม(ลายเดียวกับหมอน) 100*150cm (1*1.5m)|ราคา 500 บาท"
DP0163,"หมอนซุกมือ+ผ้าห่ม |ขนาด|ตัวหมอน 40*28cm|ผ้าห่ม(ลายเดียวกับหมอน) 100*150cm (1*1.5m)|ราคา 500 บาท"
DP0164,"หมอนซุกมือ+ผ้าห่ม |ขนาด|ตัวหมอน 40*28cm|ผ้าห่ม(ลายเดียวกับหมอน) 100*150cm (1*1.5m)|ราคา 500 บาท"
DP0165,"หมอนซุกมือ+ผ้าห่ม |ขนาด|ตัวหมอน 40*28cm|ผ้าห่ม(ลายเดียวกับหมอน) 100*150cm (1*1.5m)|ราคา 500 บาท"
DP0166,"หมอนซุกมือ+ผ้าห่ม |ขนาด|ตัวหมอน 40*28cm|ผ้าห่ม(ลายเดียวกับหมอน) 100*150cm (1*1.5m)|ราคา 500 บาท"
DP0167,"หมอนซุกมือ+ผ้าห่ม |ขนาด|ตัวหมอน 40*28cm|ผ้าห่ม(ลายเดียวกับหมอน) 100*150cm (1*1.5m)|ราคา 500 บาท"
DP0168,"หมอนซุกมือ+ผ้าห่ม |ขนาด|ตัวหมอน 40*28cm|ผ้าห่ม(ลายเดียวกับหมอน) 100*150cm (1*1.5m)|ราคา 500 บาท"
DP0169,"หมอนซุกมือ+ผ้าห่ม |ขนาด|ตัวหมอน 40*28cm|ผ้าห่ม(ลายเดียวกับหมอน) 100*150cm (1*1.5m)|ราคา 500 บาท"
DP0170,"หมอนซุกมือ+ผ้าห่ม |ขนาด|ตัวหมอน 40*28cm|ผ้าห่ม(ลายเดียวกับหมอน) 100*150cm (1*1.5m)|ราคา 500 บาท"
DP0171,"หมอนซุกมือ+ผ้าห่ม |ขนาด|ตัวหมอน 40*28cm|ผ้าห่ม(ลายเดียวกับหมอน) 100*150cm (1*1.5m)|ราคา 500 บาท"
DP0172,"หมอนซุกมือ+ผ้าห่ม |ขนาด|ตัวหมอน 40*28cm|ผ้าห่ม(ลายเดียวกับหมอน) 100*150cm (1*1.5m)|ราคา 500 บาท"
DP0173,"หมอนซุกมือ+ผ้าห่ม |ขนาด|ตัวหมอน 40*28cm|ผ้าห่ม(ลายเดียวกับหมอน) 100*150cm (1*1.5m)|ราคา 500 บาท"
DP0174,"หมอนซุกมือ+ผ้าห่ม |ขนาด|ตัวหมอน 40*28cm|ผ้าห่ม(ลายเดียวกับหมอน) 100*150cm (1*1.5m)|ราคา 500 บาท"
DP0175,"หมอนซุกมือ+ผ้าห่ม |ขนาด|ตัวหมอน 40*28cm|ผ้าห่ม(ลายเดียวกับหมอน) 100*150cm (1*1.5m)|ราคา 500 บาท"
DP0176,"อุ้งมือน้องเหมียวหลากสีสัน นุ่มนิ่ม|สามารถนำมาสวมมือได้|ขนาด 25*25cm |ราคา (ข้างละ) 150 บาท"
DP0177,"อุ้งมือน้องเหมียวหลากสีสัน นุ่มนิ่ม|สามารถนำมาสวมมือได้|ขนาด 25*25cm |ราคา (ข้างละ) 150 บาท"
DP0178,"อุ้งมือน้องเหมียวหลากสีสัน นุ่มนิ่ม|สามารถนำมาสวมมือได้|ขนาด 25*25cm |ราคา (ข้างละ) 150 บาท"
DP0179,"อุ้งมือน้องเหมียวหลากสีสัน นุ่มนิ่ม|สามารถนำมาสวมมือได้|ขนาด 25*25cm |ราคา (ข้างละ) 150 บาท"
DP0180,"อุ้งมือน้องเหมียวหลากสีสัน นุ่มนิ่ม|สามารถนำมาสวมมือได้|ขนาด 25*25cm |ราคา (ข้างละ) 150 บาท"
DP0181,"อุ้งมือน้องเหมียวหลากสีสัน นุ่มนิ่ม|สามารถนำมาสวมมือได้|ขนาด 25*25cm |ราคา (ข้างละ) 150 บาท"
DP0182,"อุ้งมือน้องเหมียวหลากสีสัน นุ่มนิ่ม|สามารถนำมาสวมมือได้|ขนาด 25*25cm |ราคา (ข้างละ) 150 บาท"
DP0183,"อุ้งมือน้องเหมียวหลากสีสัน นุ่มนิ่ม|สามารถนำมาสวมมือได้|ขนาด 25*25cm |ราคา (ข้างละ) 150 บาท"
DP0184,"อุ้งมือน้องเหมียวหลากสีสัน นุ่มนิ่ม|สามารถนำมาสวมมือได้|ขนาด 25*25cm |ราคา (ข้างละ) 150 บาท"
DP0185,"อุ้งมือน้องเหมียวหลากสีสัน นุ่มนิ่ม|สามารถนำมาสวมมือได้|ขนาด 25*25cm |ราคา (ข้างละ) 150 บาท"
DP0186,"อุ้งมือน้องเหมียวหลากสีสัน นุ่มนิ่ม|สามารถนำมาสวมมือได้|ขนาด 25*25cm |ราคา (ข้างละ) 150 บาท"
DP0187,"อุ้งมือน้องเหมียวหลากสีสัน นุ่มนิ่ม|สามารถนำมาสวมมือได้|ขนาด 25*25cm |ราคา (ข้างละ) 150 บาท"
DP0188,"อุ้งมือน้องเหมียวหลากสีสัน นุ่มนิ่ม|สามารถนำมาสวมมือได้|ขนาด 25*25cm |ราคา (ข้างละ) 150 บาท"
DP0189,"หมอนซุกมือ ด้านหลังมีซิปเก็บผ้าห่ม|ตัวผ้าห่มแยกกับหมอน ลายเดียวกับหมอน|ขนาด|ตัวหมอน 40*28cm|ผ้าห่ม 100*150cm (1*1.5m)|ราคา 500 บาท|"
DP0190,"หมอนซุกมือ ด้านหลังมีซิปเก็บผ้าห่ม|ตัวผ้าห่มแยกกับหมอน ลายเดียวกับหมอน|ขนาด|ตัวหมอน 40*28cm|ผ้าห่ม 100*150cm (1*1.5m)|ราคา 500 บาท|"
DP0191,"หมอนซุกมือ ด้านหลังมีซิปเก็บผ้าห่ม|ตัวผ้าห่มแยกกับหมอน ลายเดียวกับหมอน|ขนาด|ตัวหมอน 40*28cm|ผ้าห่ม 100*150cm (1*1.5m)|ราคา 500 บาท|"
DP0192,"ตุ๊กตาน้องลูกเจี๊ยบอ้วนกลม|ขนาด |เล็ก 30*18cm 200 บาท|กลาง 42*26cm 370 บาท|ใหญ่ 55*36cm 500 บาท"
DP0193,"ตุ๊กตาน้องหมาไซบีเรีย ฮัสกี้|ขนาด |เล็ก 18cm 220 บาท|กลาง 22cm 320 บาท|ใหญ่ 28cm 400 บาท"
DP0194,"ตุ๊กตาใส่หมวก|ขนาด |กลาง 25cm 250 บาท|ใหญ่ 30cm 300 บาท"
DP0195,"ตุ๊กตาใส่หมวก|ขนาด |กลาง 25cm 250 บาท|ใหญ่ 30cm 300 บาท"
DP0196,"ตุ๊กตาใส่หมวก|ขนาด |กลาง 25cm 250 บาท|ใหญ่ 30cm 300 บาท"
DP0197,"ตุ๊กตาใส่หมวก|ขนาด |กลาง 25cm 250 บาท|ใหญ่ 30cm 300 บาท"
DP0198,"ตุ๊กตา CRAFTHOLIC ขนนิ่ม กอดนุ่ม|ขนาด ใหญ่พิเศษ 98cm*33cm|ราคา 650บาท"
DP0199,"ตุ๊กตา CRAFTHOLIC ขนนิ่ม กอดนุ่ม|ขนาด ใหญ่พิเศษ 98cm*33cm|ราคา 650บาท"
DP0200,"ตุ๊กตา CRAFTHOLIC ขนนิ่ม กอดนุ่ม|ขนาด ใหญ่พิเศษ 98cm*33cm|ราคา 650บาท"
DP0201,"ตุ๊กตา CRAFTHOLIC ขนนิ่ม กอดนุ่ม|ขนาด ใหญ่พิเศษ 98cm*33cm|ราคา 650บาท"
DP0202,"ตุ๊กตา CRAFTHOLIC ขนนิ่ม กอดนุ่ม|ขนาด ใหญ่พิเศษ 98cm*33cm|ราคา 650บาท"
DP0203,"ตุ๊กตา CRAFTHOLIC ขนนิ่ม กอดนุ่ม|ขนาด ใหญ่พิเศษ 98cm*33cm|ราคา 650บาท"
DP0204,"ตุ๊กตา CRAFTHOLIC ขนนิ่ม กอดนุ่ม|ขนาด ใหญ่พิเศษ 98cm*33cm|ราคา 650บาท"
DP0205,"ตุ๊กตา CRAFTHOLIC ขนนิ่ม กอดนุ่ม|ขนาด ใหญ่พิเศษ 98cm*33cm|ราคา 650บาท"
DP0206,"ตุ๊กตา CRAFTHOLIC ขนนิ่ม กอดนุ่ม|ขนาด ใหญ่พิเศษ 98cm*33cm|ราคา 650บาท"
DP0207,"ตุ๊กตา CRAFTHOLIC ขนนิ่ม กอดนุ่ม|ขนาด ใหญ่พิเศษ 98cm*33cm|ราคา 650บาท"
DP0208,"ตุ๊กตา CRAFTHOLIC ขนนิ่ม กอดนุ่ม|ขนาด ใหญ่พิเศษ 98cm*33cm|ราคา 650บาท"
DP0209,"ตุ๊กตา CRAFTHOLIC ขนนิ่ม กอดนุ่ม|ขนาด ใหญ่พิเศษ 98cm*33cm|ราคา 650บาท"
DP0210,"ตุ๊กตา CRAFTHOLIC ขนนิ่ม กอดนุ่ม|ขนาด ใหญ่พิเศษ 98cm*33cm|ราคา 650บาท"
DP0211,"ตุ๊กตา CRAFTHOLIC ขนนิ่ม กอดนุ่ม|ขนาด ใหญ่พิเศษ 98cm*33cm|ราคา 650บาท"
DP0212,"ตุ๊กตา CRAFTHOLIC ขนนิ่ม กอดนุ่ม|ขนาด ใหญ่พิเศษ 98cm*33cm|ราคา 650บาท"
DP0213,"ตุ๊กตา CRAFTHOLIC ขนนิ่ม กอดนุ่ม|ขนาด ใหญ่พิเศษ 98cm*33cm|ราคา 650บาท"
DP0214,"ตุ๊กตา CRAFTHOLIC ขนนิ่ม กอดนุ่ม|ขนาด ใหญ่พิเศษ 98cm*33cm|ราคา 650บาท"
DP0215,"ตุ๊กตา CRAFTHOLIC ขนนิ่ม กอดนุ่ม|ขนาด ใหญ่พิเศษ 98cm*33cm|ราคา 650บาท"
DP0216,"ตุ๊กตา CRAFTHOLIC ขนนิ่ม กอดนุ่ม|ขนาด ใหญ่พิเศษ 98cm*33cm|ราคา 650บาท"
DP0217,"ตุ๊กตาบรรดาสัตว์|ขนาด |กลาง 25cm 250 บาท (มีจุ๊บติดกระจก)|ใหญ่ 45cm 400 บาท (ไม่มีจุ๊บติดกระจก)"
DP0218,"ตุ๊กตาบรรดาสัตว์|ขนาด |กลาง 25cm 250 บาท (มีจุ๊บติดกระจก)|ใหญ่ 45cm 400 บาท (ไม่มีจุ๊บติดกระจก)"
DP0219,"ตุ๊กตาบรรดาสัตว์|ขนาด |กลาง 25cm 250 บาท (มีจุ๊บติดกระจก)|ใหญ่ 45cm 400 บาท (ไม่มีจุ๊บติดกระจก)"
DP0220,"ตุ๊กตาบรรดาสัตว์|ขนาด |กลาง 25cm 250 บาท (มีจุ๊บติดกระจก)|ใหญ่ 45cm 400 บาท (ไม่มีจุ๊บติดกระจก)"
DP0221,"ตุ๊กตาบรรดาสัตว์|ขนาด |กลาง 25cm 250 บาท (มีจุ๊บติดกระจก)|ใหญ่ 45cm 400 บาท (ไม่มีจุ๊บติดกระจก)"
DP0222,"น้องหมีนุ่มนิ่ม หลากสี|ขนาด 16cm|ราคา 220 บาท"
DP0223,"น้องหมีนุ่มนิ่ม หลากสี|ขนาด 16cm|ราคา 220 บาท"
DP0224,"น้องหมีนุ่มนิ่ม หลากสี|ขนาด 16cm|ราคา 220 บาท"
DP0225,"น้องหมีนุ่มนิ่ม หลากสี|ขนาด 16cm|ราคา 220 บาท"
DP0226,"น้องหมีนุ่มนิ่ม หลากสี|ขนาด 16cm|ราคา 220 บาท"
DP0227,"น้องหมีนุ่มนิ่ม หลากสี|ขนาด 16cm|ราคา 220 บาท"
DP0228,"น้องหมีนุ่มนิ่ม หลากสี|ขนาด 16cm|ราคา 220 บาท"
DP0229,"หมอนสอดมือ+ผ้าห่ม|ขนาด|ตัวหมอน 37*30cm|ผ้าห่ม 95*150cm|ราคา 680 บาท "
DP0230,"หมอนสอดมือ+ผ้าห่ม|ขนาด|ตัวหมอน 37*30cm|ผ้าห่ม 95*150cm|ราคา 680 บาท "
DP0231,"หมอนสอดมือ+ผ้าห่ม|ขนาด|ตัวหมอน 37*30cm|ผ้าห่ม 95*150cm|ราคา 680 บาท "
DP0232,"หมอนสอดมือ+ผ้าห่ม|ขนาด|ตัวหมอน 37*30cm|ผ้าห่ม 95*150cm|ราคา 680 บาท "
DP0233,"หมอนสอดมือ+ผ้าห่ม|ขนาด|ตัวหมอน 37*30cm|ผ้าห่ม 95*150cm|ราคา 680 บาท "
DP0234,"ผ้าคลุม CRAFTHOLIC นุ่มนิ่ม|ขนาด 140*75cm|ราคา 540 บาท"
DP0235,"ผ้าคลุม CRAFTHOLIC นุ่มนิ่ม|ขนาด 140*75cm|ราคา 540 บาท"
DP0237,"ผ้าคลุม CRAFTHOLIC นุ่มนิ่ม|ขนาด 140*75cm|ราคา 540 บาท"
DP0238,"ผ้าคลุม CRAFTHOLIC นุ่มนิ่ม|ขนาด 140*75cm|ราคา 540 บาท"
DP0239,"ผ้าคลุม CRAFTHOLIC นุ่มนิ่ม|ขนาด 140*75cm|ราคา 540 บาท"
DP0240,"ผ้าคลุม CRAFTHOLIC นุ่มนิ่ม|ขนาด 140*75cm|ราคา 540 บาท"
DP0241,"ผ้าคลุม CRAFTHOLIC นุ่มนิ่ม|ขนาด 140*75cm|ราคา 540 บาท"
DP0242,"หมอนคัฟเค้ก|ขนาด 35*25CM|ราคา 450 บาท"
DP0243,"หมอนคัฟเค้ก|ขนาด 35*25CM|ราคา 450 บาท"
DP0244,"กระเป๋าทรงเหลี่ยม CRAFTHOLIC ใส่ของ ใส่เครื่องสำอาง จุได้เยอะ|ขนาด 16*16*13cm|ราคา 400 บาท"
DP0245,"กระเป๋าทรงเหลี่ยม CRAFTHOLIC ใส่ของ ใส่เครื่องสำอาง จุได้เยอะ|ขนาด 16*16*13cm|ราคา 400 บาท"
DP0246,"กระเป๋าทรงเหลี่ยม CRAFTHOLIC ใส่ของ ใส่เครื่องสำอาง จุได้เยอะ|ขนาด 16*16*13cm|ราคา 400 บาท"
DP0247,"กระเป๋าทรงเหลี่ยม CRAFTHOLIC ใส่ของ ใส่เครื่องสำอาง จุได้เยอะ|ขนาด 16*16*13cm|ราคา 400 บาท"
DP0248,"กระเป๋าทรงเหลี่ยม CRAFTHOLIC ใส่ของ ใส่เครื่องสำอาง จุได้เยอะ|ขนาด 16*16*13cm|ราคา 400 บาท"
DP0249,"กระเป๋าทรงเหลี่ยม CRAFTHOLIC ใส่ของ ใส่เครื่องสำอาง จุได้เยอะ|ขนาด 16*16*13cm|ราคา 400 บาท"
DP0250,"กระเป๋าทรงเหลี่ยม CRAFTHOLIC ใส่ของ ใส่เครื่องสำอาง จุได้เยอะ|ขนาด 16*16*13cm|ราคา 400 บาท"
DP0251,"กระเป๋าทรงเหลี่ยม CRAFTHOLIC ใส่ของ ใส่เครื่องสำอาง จุได้เยอะ|ขนาด 16*16*13cm|ราคา 400 บาท"
DP0252,"กระเป๋าเป้ CRAFTHOLIC|ขนาด 38*28*13cm|ราคา 560 บาท"
DP0253,"กระเป๋าเป้ CRAFTHOLIC|ขนาด 38*28*13cm|ราคา 560 บาท"
DP0254,"กระเป๋าเป้ CRAFTHOLIC|ขนาด 38*28*13cm|ราคา 560 บาท"
DP0255,"กระเป๋าเป้ CRAFTHOLIC|ขนาด 38*28*13cm|ราคา 560 บาท"
DP0256,"กระเป๋าเป้ CRAFTHOLIC|ขนาด 38*28*13cm|ราคา 560 บาท"
DP0257,"กระเป๋าเป้ CRAFTHOLIC|ขนาด 38*28*13cm|ราคา 560 บาท"
DP0258,"กระเป๋าเป้ CRAFTHOLIC|ขนาด 38*28*13cm|ราคา 560 บาท"
DP0259,"กระเป๋าเป้ CRAFTHOLIC|ขนาด 38*28*13cm|ราคา 560 บาท"
DP0260,"ยางรัดผม Disney|ขนาด สำหรับผู้ใหญ่|ราคา 120 บาท"
DP0261,"ยางรัดผม Disney|ขนาด สำหรับผู้ใหญ่|ราคา 120 บาท"
DP0262,"ยางรัดผม Disney|ขนาด สำหรับผู้ใหญ่|ราคา 120 บาท"
DP0263,"ยางรัดผม Disney|ขนาด สำหรับผู้ใหญ่|ราคา 120 บาท"
DP0264,"ยางรัดผม Disney|ขนาด สำหรับผู้ใหญ่|ราคา 120 บาท"
DP0265,"ยางรัดผม Disney|ขนาด สำหรับผู้ใหญ่|ราคา 120 บาท"
DP0266,"ยางรัดผม Disney|ขนาด สำหรับผู้ใหญ่|ราคา 120 บาท"
DP0267,"ยางรัดผม Disney|ขนาด สำหรับผู้ใหญ่|ราคา 120 บาท"
DP0268,"ยางรัดผม Disney|ขนาด สำหรับผู้ใหญ่|ราคา 120 บาท"
DP0269,"ตุ๊กตา CRAFTHOLIC ตัวเล็ก|ขนาด 40*14.5cm|ราคา 260 บาท"
DP0270,"ตุ๊กตา CRAFTHOLIC ตัวเล็ก|ขนาด 40*14.5cm|ราคา 260 บาท"
DP0271,"ตุ๊กตา CRAFTHOLIC ตัวเล็ก|ขนาด 40*14.5cm|ราคา 260 บาท"
DP0272,"ตุ๊กตา CRAFTHOLIC ตัวเล็ก|ขนาด 40*14.5cm|ราคา 260 บาท"
DP0273,"ตุ๊กตา CRAFTHOLIC ตัวเล็ก|ขนาด 40*14.5cm|ราคา 260 บาท"
DP0274,"ตุ๊กตา CRAFTHOLIC ตัวเล็ก|ขนาด 40*14.5cm|ราคา 260 บาท"
DP0275,"ตุ๊กตา CRAFTHOLIC ตัวเล็ก|ขนาด 40*14.5cm|ราคา 260 บาท"
DP0276,"ตุ๊กตา CRAFTHOLIC ตัวใหญ่|ขนาด 93*33cm|ราคา 560 บาท"
DP0277,"พวงกุญแจน้องไข่ดาว Gudetama|ขนาด 14cm|ราคา 170 บาท"
DP0278,"พวงกุญแจน้องไข่ดาว Gudetama|ขนาด 14cm|ราคา 170 บาท"
DP0279,"พวงกุญแจน้องไข่ดาว Gudetama|ขนาด 14cm|ราคา 170 บาท"
DP0280,"พวงกุญแจน้องไข่ดาว Gudetama|ขนาด 14cm|ราคา 170 บาท"
DP0281,"กระเป๋าน้องไข่ดาว Gudetama|ขนาด 14*10*5cm|ราคา 340 บาท"
DP0282,"กระเป๋าน้องไข่ดาว Gudetama|ขนาด 14*10*5cm|ราคา 340 บาท"
DP0283,"กระเป๋าน้องไข่ดาว Gudetama|ขนาด 14*10*5cm|ราคา 340 บาท"
DP0284,"กระเป๋าใส่เศษสตางค์ด้านหลังใส่นามบัตรได้ น้องไข่ดาว Gudetama|ขนาด 14*11cm|ราคา 350 บาท"
DP0285,"กระเป๋าใส่เศษสตางค์ด้านหลังใส่นามบัตรได้ น้องไข่ดาว Gudetama|ขนาด 14*11cm|ราคา 350 บาท"
DP0286,"กระเป๋าใส่เศษสตางค์ด้านหลังใส่นามบัตรได้ น้องไข่ดาว Gudetama|ขนาด 14*11cm|ราคา 350 บาท"
DP0287,"กระเป๋าใส่เศษสตางค์ด้านหลังใส่นามบัตรได้ น้องไข่ดาว Gudetama|ขนาด 14*11cm|ราคา 350 บาท"
DP0288,"กระเป๋าใส่เศษสตางค์ด้านหลังใส่นามบัตรได้ น้องไข่ดาว Gudetama|ขนาด 14*11cm|ราคา 350 บาท"
DP0289,"ตุ๊กตาน้องไข่ดาว Gudetama|ขนาด 40*30cm|ราคา 520 บาท"
DP0290,"ตุ๊กตาน้องไข่ดาว Gudetama|ขนาด 40*30cm|ราคา 520 บาท"
DP0291,"ตุ๊กตาน้องไข่ดาว Gudetama|ขนาด 40*30cm|ราคา 520 บาท"
DP0292,"ตุ๊กตาน้องไข่ดาว Gudetama|ขนาด 40*30cm|ราคา 520 บาท"
DP0293,"ตุ๊กตากระต่าย Mamas&Papas|ขนาด 50cm|ราคา 300 บาท"
DP0294,"Post-it Moomin||ราคา 50 บาท"
DP0295,"Post-it Moomin||ราคา 50 บาท"
DP0296,"Post-it Moomin||ราคา 50 บาท"
DP0297,"Post-it Moomin||ราคา 50 บาท"
DP0298,"ถุงกระดาษ Moomin|ขนาด เล็ก 20*20*8cm|ใหญ่ 29*27*12cm|ราคา เล็ก 50|ใหญ่ 90 บาท"
DP0299,"ถุงกระดาษ Moomin|ขนาด เล็ก 20*20*8cm|ใหญ่ 29*27*12cm|ราคา เล็ก 50|ใหญ่ 90 บาท"
DP0300,"แฟ้มพลาสติก Moomin|ขนาด A4|ราคา 100 บาท"
DP0301,"แฟ้มพลาสติก Moomin|ขนาด A4|ราคา 100 บาท"
DP0302,"แฟ้มพลาสติก Moomin|ขนาด A4|ราคา 100 บาท"
DP0303,"แฟ้มพลาสติก Moomin|ขนาด A4|ราคา 100 บาท"
DP0304,"ถุงซิบพลาสติก Moomim|ขนาด A5|ราคา 50 บาท"
DP0305,"ถุงซิบพลาสติก Moomim|ขนาด A5|ราคา 50 บาท"
DP0306,"ถุงซิบพลาสติก Moomim|ขนาด A5|ราคา 50 บาท"
DP0307,"ถุงซิบพลาสติก Moomim|ขนาด A5|ราคา 50 บาท"
DP0308,"กล่องดินสอเหล็ก Moomin|ขนาด 16*7.7*5.5cm|ราคา 160 บาท"
DP0309,"กล่องดินสอเหล็ก Moomin|ขนาด 16*7.7*5.5cm|ราคา 160 บาท"
DP0310,"กล่องดินสอเหล็ก Moomin|ขนาด 16*7.7*5.5cm|ราคา 160 บาท"
DP0311,"กล่องดินสอเหล็ก Moomin|ขนาด 16*7.7*5.5cm|ราคา 160 บาท"
DP0312,"ตลับคอนแทคเลนส์ Moomin||ราคา 110 บาท"
DP0313,"ตลับคอนแทคเลนส์ Moomin||ราคา 110 บาท"
DP0314,"ตลับคอนแทคเลนส์ Moomin||ราคา 110 บาท"
DP0315,"ตลับคอนแทคเลนส์ Moomin||ราคา 110 บาท"
DP0316,"กระเป๋าใส่บัตร Moomin|ขนาด 10.5*7cm ใส่บัตรได้ 20 ใบ|ราคา 170 บาท"
DP0317,"กระเป๋าใส่บัตร Moomin|ขนาด 10.5*7cm ใส่บัตรได้ 20 ใบ|ราคา 170 บาท"
DP0318,"กระเป๋าใส่บัตร Moomin|ขนาด 10.5*7cm ใส่บัตรได้ 20 ใบ|ราคา 170 บาท"
DP0319,"กระเป๋าใส่บัตร Moomin|ขนาด 10.5*7cm ใส่บัตรได้ 20 ใบ|ราคา 170 บาท"
DP0320,"กระเป๋าใส่บัตร Moomin|ขนาด 10.5*7cm ใส่บัตรได้ 20 ใบ|ราคา 170 บาท"
DP0321,"ถุงกระดาษ Moomin|ขนาด เล็ก 20*20*8cm|กลาง 29*27*12cm|ใหญ่ 38*29*12cm|ราคา เล็ก 50|กลาง 90|ใหญ่ 120 บาท"
DP0322,"ถุงกระดาษ Moomin|ขนาด เล็ก 20*20*8cm|กลาง 29*27*12cm|ใหญ่ 38*29*12cm|ราคา เล็ก 50|กลาง 90|ใหญ่ 120 บาท"
DP0323,"ถุงกระดาษ Moomin|ขนาด เล็ก 20*20*8cm|กลาง 29*27*12cm|ใหญ่ 38*29*12cm|ราคา เล็ก 50|กลาง 90|ใหญ่ 120 บาท"
DP0324,"ถุงกระดาษ Moomin|ขนาด เล็ก 20*20*8cm|กลาง 29*27*12cm|ใหญ่ 38*29*12cm|ราคา เล็ก 50|กลาง 90|ใหญ่ 120 บาท"
DP0325,"ถุงกระดาษ Moomin|ขนาด เล็ก 20*20*8cm|ใหญ่ 29*27*12cm|ราคา เล็ก 50|ใหญ่ 90 บาท"
DP0326,"ถุงกระดาษ Moomin|ขนาด เล็ก 20*20*8cm|ใหญ่ 29*27*12cm|ราคา เล็ก 50|ใหญ่ 90 บาท"
DP0327,"ถุงกระดาษ Moomin|ขนาด เล็ก 20*20*8cm|ใหญ่ 29*27*12cm|ราคา เล็ก 50|ใหญ่ 90 บาท"
DP0328,"ถุงกระดาษ Moomin|ขนาด เล็ก 20*20*8cm|ใหญ่ 29*27*12cm|ราคา เล็ก 50|ใหญ่ 90 บาท"
DP0329,"กระเป๋าผ้า Moomin|ขนาด 20*16*13cm|ราคา 210 บาท"
DP0330,"กระเป๋าผ้า Moomin|ขนาด 20*16*13cm|ราคา 210 บาท"
DP0331,"กระเป๋าคลัช Moomin|ขนาด 21.6*28.3cm|ราคา 410 บาท"
DP0332,"กระเป๋าคลัช Moomin|ขนาด 21.6*28.3cm|ราคา 410 บาท"
DP0333,"กระเป๋าคลัช Moomin|ขนาด 21.6*28.3cm|ราคา 410 บาท"
DP0334,"โมเดลตั้งโชว์ Moomin|ขนาด 7cm|ราคา 200 บาท"
DP0335,"โมเดลตั้งโชว์ Moomin|ขนาด 7cm|ราคา 200 บาท"
DP0336,"กล่องกระจกเหล็ก Moomin|ขนาด 16.5*5*9cm|ราคา 160 บาท"
DP0337,"กล่องกระจกเหล็ก Moomin|ขนาด 16.5*5*9cm|ราคา 160 บาท"
DP0338,"กล่องกระจกเหล็ก Moomin|ขนาด 16.5*5*9cm|ราคา 160 บาท"
DP0339,"กล่องกระจกเหล็ก Moomin|ขนาด 16.5*5*9cm|ราคา 160 บาท"
DP0340,"เครื่องคิดเลขพกพา Moomin|ขนาด 8.5*5.5cm|ราคา 100 บาท"
DP0341,"เครื่องคิดเลขพกพา Moomin|ขนาด 8.5*5.5cm|ราคา 100 บาท"
DP0342,"เครื่องคิดเลขพกพา Moomin|ขนาด 8.5*5.5cm|ราคา 100 บาท"
DP0343,"เครื่องคิดเลขพกพา Moomin|ขนาด 8.5*5.5cm|ราคา 100 บาท"
DP0344,"กระเป๋าใส่เครื่องเขียน Moomin|ขนาด เล็ก 25.5*18.6cm|ใหญ่  35.6*26.8cm|ราคา เล็ก 130|ใหญ่ 160 บาท"
DP0345,"กระเป๋าใส่เครื่องเขียน Moomin|ขนาด เล็ก 25.5*18.6cm|ใหญ่  35.6*26.8cm|ราคา เล็ก 130|ใหญ่ 160 บาท"
DP0346,"กระเป๋าใส่เครื่องเขียน Moomin|ขนาด เล็ก 25.5*18.6cm|ใหญ่  35.6*26.8cm|ราคา เล็ก 130|ใหญ่ 160 บาท"
DP0347,"กระเป๋าใส่เครื่องเขียน Moomin|ขนาด เล็ก 25.5*18.6cm|ใหญ่  35.6*26.8cm|ราคา เล็ก 130|ใหญ่ 160 บาท"
DP0348,"กระเป๋าใส่เครื่องเขียน Moomin|ขนาด เล็ก 25.5*18.6cm|ใหญ่  35.6*26.8cm|ราคา เล็ก 130|ใหญ่ 160 บาท"
DP0349,"แก้วน้ำ Moomin|ขนาด 15*5.5cm จุน้ำได้ 200ml|ราคา 210 บาท"
DP0350,"แก้วน้ำ Moomin|ขนาด 15*5.5cm จุน้ำได้ 200ml|ราคา 210 บาท"
DP0351,"แก้วน้ำ Moomin|ขนาด 15*5.5cm จุน้ำได้ 200ml|ราคา 210 บาท"
DP0352,"แก้วน้ำ Moomin|ขนาด 15*5.5cm จุน้ำได้ 200ml|ราคา 210 บาท"
DP0353,"แก้วมีหู พร้อมฝาปิด Moomin|ขนาด 10.5*8cm จุน้ำได้ 300ml|ราคา 400 บาท"
DP0354,"แก้วมีหู พร้อมฝาปิด Moomin|ขนาด 10.5*8cm จุน้ำได้ 300ml|ราคา 400 บาท"
DP0355,"แก้วมีหู พร้อมฝาปิด Moomin|ขนาด 10.5*8cm จุน้ำได้ 300ml|ราคา 400 บาท"
DP0356,"แก้วมีหู พร้อมฝาปิด Moomin|ขนาด 10.5*8cm จุน้ำได้ 300ml|ราคา 400 บาท"
DP0357,"ขวดน้ำ Moomin|ขนาด 20*4.5cm จุน้ำได้ 300ml|ราคา 350 บาท"
DP0358,"ขวดน้ำ Moomin|ขนาด 20*4.5cm จุน้ำได้ 300ml|ราคา 350 บาท"
DP0359,"ขวดน้ำ Moomin|ขนาด 20*4.5cm จุน้ำได้ 300ml|ราคา 350 บาท"
DP0360,"ขวดน้ำ Moomin|ขนาด 20*4.5cm จุน้ำได้ 300ml|ราคา 350 บาท"
DP0361,"กระเป๋าดินสอผ้า Moomin|ขนาด 19*5.5*4cm|ราคา 200 บาท"
DP0362,"กระเป๋าดินสอผ้า Moomin|ขนาด 19*5.5*4cm|ราคา 200 บาท"
DP0363,"กระเป๋าดินสอผ้า Moomin|ขนาด 19*5.5*4cm|ราคา 200 บาท"
DP0364,"กระเป๋าดินสอผ้า Moomin|ขนาด 19*5.5*4cm|ราคา 200 บาท"
DP0365,"ถุงกระดาษ Moomin|ขนาด เล็ก 20*20*8cm|ใหญ่ 29*27*12cm|ราคา เล็ก 50|ใหญ่ 90 บาท"
DP0366,"ถุงกระดาษ Moomin|ขนาด เล็ก 20*20*8cm|ใหญ่ 29*27*12cm|ราคา เล็ก 50|ใหญ่ 90 บาท"
DP0367,"ถุงกระดาษ Moomin|ขนาด เล็ก 20*20*8cm|ใหญ่ 29*27*12cm|ราคา เล็ก 50|ใหญ่ 90 บาท"
DP0368,"ถุงกระดาษ Moomin|ขนาด เล็ก 20*20*8cm|ใหญ่ 29*27*12cm|ราคา เล็ก 50|ใหญ่ 90 บาท"
DP0369,"เซ็ตช้อน+ตะเกียบ+กล่องเก็บ Moomin|ขนาด สำหรับผู้ใหญ่|ราคา 200 บาท"
DP0370,"เซ็ตช้อน+ตะเกียบ+กล่องเก็บ Moomin|ขนาด สำหรับผู้ใหญ่|ราคา 200 บาท"
DP0371,"เซ็ตช้อน+ตะเกียบ+กล่องเก็บ Moomin|ขนาด สำหรับผู้ใหญ่|ราคา 200 บาท"
DP0372,"กระเป๋าใส่ดินสอแบบผ้า Moomin|ขนาด 24.5*19cm|ราคา 260 บาท"
DP0373,"กระเป๋าใส่ดินสอแบบผ้า Moomin|ขนาด 24.5*19cm|ราคา 260 บาท"
DP0374,"กระเป๋าใส่ดินสอแบบผ้า Moomin|ขนาด 24.5*19cm|ราคา 260 บาท"
DP0375,"กระเป๋าใส่ดินสอแบบผ้า Moomin|ขนาด 24.5*19cm|ราคา 260 บาท"
DP0376,"กระเป๋าใส่ดินสอแบบผ้า Moomin|ขนาด 24.5*19cm|ราคา 260 บาท"
DP0377,"กระเป๋าผ้าแบบผูกเชือก Moomin|ขนาด 26*24*11cm|ราคา 490 บาท"
DP0378,"กระเป๋าผ้าแบบผูกเชือก Moomin|ขนาด 26*24*11cm|ราคา 490 บาท"
DP0379,"กระเป๋าผ้าแบบผูกเชือก Moomin|ขนาด 26*24*11cm|ราคา 490 บาท"
DP0380,"กระเป๋าผ้าแบบผูกเชือก Moomin|ขนาด 26*24*11cm|ราคา 490 บาท"
DP0381,"กล่องดนตรี Moomin|ขนาด 13cm|ราคา 420 บาท"
DP0382,"กล่องดนตรี Moomin|ขนาด 13cm|ราคา 420 บาท"
DP0383,"||"
DP0384,"||"
DP0385,"||"
DP0386,"||"
DP0387,"||"
DP0388,"||"
DP0389,"||"
DP0390,"||"
DP0391,"||"
DP0392,"||"
DP0393,"||"
DP0394,"||"
DP0395,"||"
DP0396,"||"
DP0397,"||"
DP0398,"||"
DP0399,"||"
DP0400,"||"
DP0401,"||"
DP0402,"||"
DP0403,"||"
DP0404,"||"
DP0405,"||"
DP0406,"||"
DP0407,"||"
DP0408,"||"
DP0409,"||"
DP0410,"||"
DP0411,"||"
DP0412,"||"
DP0413,"||"
DP0414,"||"
DP0415,"||"
DP0416,"||"
DP0417,"||"
DP0418,"||"
DP0419,"||"
DP0420,"||"
DP0421,"||"
DP0422,"||"
DP0423,"||"
DP0424,"||"
DP0425,"||"
DP0426,"||"
DP0427,"||"
DP0428,"||"
DP0429,"||"
DP0430,"||"
DP0431,"||"
DP0432,"||"
DP0433,"||"
DP0434,"||"
DP0435,"||"
DP0436,"||"
DP0437,"||"
DP0438,"||"
DP0439,"||"
DP0440,"||"
DP0441,"||"
DP0442,"||"
DP0443,"||"
DP0444,"||"
DP0445,"||"
DP0446,"||"
DP0447,"||"
DP0448,"||"
DP0449,"||"
DP0450,"||"
DP0451,"||"
DP0452,"||"
DP0453,"||"
DP0454,"||"
DP0455,"||"
DP0456,"||"
DP0457,"||"
DP0458,"||"
DP0459,"||"
DP0460,"||"
DP0461,"||"
DP0462,"||"
DP0463,"||"
DP0464,"||"
DP0465,"||"
DP0466,"||"
DP0467,"||"
DP0468,"||"
DP0469,"||"
DP0470,"||"
DP0471,"||"
DP0472,"||"
DP0473,"||"
