HP0001,"เข็มขัด|วัสดุ : nylon|ราคา : 210 บาท"
HP0002,"เข็มขัด|วัสดุ : nylon|ราคา : 230 บาท"
HP0003,"เข็มขัด|วัสดุ : หนัง|ราคา : 270 บาท"
HP0005,"เข็มขัด|วัสดุ : หนัง|ราคา : 350 บาท"
HP0006,"เข็มขัด|วัสดุ : nylon|ราคา : 350 บาท"
HP0007,"เสื้อยืด|วัสดุ : cotton|ขนาด : M,L,XL|ราคา : 230 บาท"
HP0008,"เสื้อยืด|วัสดุ : cotton|ขนาด : M,L,XL|ราคา : 230 บาท"
HP0009,"เสื้อยืด|วัสดุ : cotton|ขนาด : M,L,XL|ราคา : 230 บาท"
HP0010,"เสื้อยืด|วัสดุ : cotton|ขนาด : M,L,XL|ราคา : 230 บาท"
HP0011,"เสื้อยืด|วัสดุ : cotton|ขนาด : M,L,XL,XXL|ราคา : 350 บาท"
HP0012,"เสื้อยืด|วัสดุ : cotton|ขนาด : M,L,XL,XXL|ราคา : 350 บาท"
HP0013,"เสื้อยืด|วัสดุ : cotton|ขนาด : M,L,XL,XXL|ราคา : 350 บาท"
HP0014,"เสื้อยืด|วัสดุ : cotton|ขนาด : M,L,XL,XXL|ราคา : 350 บาท"
HP0015,"เสื้อยืด|วัสดุ : cotton|ขนาด : M,L,XL,XXL|ราคา : 350 บาท"
HP0016,"เสื้อยืด|วัสดุ : cotton|ขนาด : M,L,XL,XXL|ราคา : 350 บาท"
HP0017,"เสื้อยืด|วัสดุ : cotton|ขนาด : M,L,XL,XXL|ราคา : 350 บาท"
HP0018,"เข็มขัด|วัสดุ : หนัง|ราคา : 280 บาท"
HP0019,"เสื้อยืด|วัสดุ : cotton|ขนาด : M,L,XL,XXL|ราคา : 350 บาท"
HP0020,"เสื้อยืด|วัสดุ : cotton|ขนาด : M,L,XL,XXL|ราคา : 350 บาท"
HP0021,"เสื้อยืด|วัสดุ : cotton|ขนาด : M,L,XL,XXL|ราคา : 420 บาท"
HP0022,"เสื้อยืด|วัสดุ : cotton|ขนาด : M,L,XL,XXL|ราคา : 420 บาท"
HP0024,"กางเกงขายาว|วัสดุ : ผ้ายีนส์|ขนาด : 28-34|ราคา : 590 บาท"
HP0025,"กางเกงขายาว|วัสดุ : ผ้ายีนส์|ขนาด : 28-34|ราคา : 630 บาท"
HP0026,"กางเกงขายาว|วัสดุ : ผ้ายีนส์|ขนาด : 28-34|ราคา : 550 บาท"
HP0027,"กางเกงขายาว|วัสดุ : ผ้ายีนส์|ขนาด : 28-34|ราคา : 700 บาท"
HP0028,"กางเกงขายาว|วัสดุ : ผ้ายีนส์|ขนาด : 28-34|ราคา : 700 บาท"
HP0029,"กางเกงขายาว|วัสดุ : ผ้ายีนส์|ขนาด : 28-34|ราคา : 700 บาท"
HP0030,"กางเกงขายาว|วัสดุ : ผ้ายีนส์|ขนาด : 28-34|ราคา : 700 บาท"
HP0031,"กางเกงขายาว|วัสดุ : ผ้ายืด|ขนาด : M,L,XL|ราคา : 350 บาท"
HP0032,"กางเกงขายาว|วัสดุ : ผ้ายืด|ขนาด : M,L,XL|ราคา : 350 บาท"
HP0033,"เสื้อยืด|วัสดุ : cotton|ขนาด : M,L,XL|ราคา : 200 บาท"
HP0034,"เสื้อยืด|วัสดุ : cotton|ขนาด : M,L,XL|ราคา : 200 บาท"
HP0035,"เสื้อยืด|วัสดุ : cotton|ขนาด : M,L,XL|ราคา : 200 บาท"
HP0036,"เสื้อยืด|วัสดุ : cotton|ขนาด : M,L,XL|ราคา : 200 บาท"
HP0037,"เสื้อยืด|วัสดุ : cotton|ขนาด : M,L,XL|ราคา : 200 บาท"
HP0038,"เสื้อยืด|วัสดุ : cotton|ขนาด : M,L,XL|ราคา : 200 บาท"
HP0039,"เสื้อยืด|วัสดุ : cotton|ขนาด : M,L,XL|ราคา : 200 บาท"
HP0040,"เสื้อยืด|วัสดุ : cotton|ขนาด : M,L,XL|ราคา : 200 บาท"
HP0041,"เสื้อยืด|วัสดุ : cotton|ขนาด : M,L,XL|ราคา : 200 บาท"
HP0042,"เสื้อยืด|วัสดุ : cotton|ขนาด : M,L,XL|ราคา : 200 บาท"
HP0043,"เสื้อยืด|วัสดุ : cotton|ขนาด : M,L,XL|ราคา : 200 บาท"
HP0044,"เสื้อยืด|วัสดุ : cotton|ขนาด : M,L,XL|ราคา : 200 บาท"
HP0045,"เสื้อยืด|วัสดุ : cotton|ขนาด : M,L,XL|ราคา : 200 บาท"
HP0046,"เสื้อยืด|วัสดุ : cotton|ขนาด : M,L,XL|ราคา : 200 บาท"
HP0047,"เสื้อยืด|วัสดุ : cotton|ขนาด : M,L,XL|ราคา : 200 บาท"
HP0048,"เสื้อยืด|วัสดุ : cotton|ขนาด : M,L,XL|ราคา : 200 บาท"
HP0049,"เสื้อยืด|วัสดุ : cotton|ขนาด : M,L,XL|ราคา : 200 บาท"
HP0050,"เสื้อยืด|วัสดุ : cotton|ขนาด : M,L,XL|ราคา : 200 บาท"
HP0053,"เสื้อยืด|วัสดุ : cotton|ขนาด : M,L,XL|ราคา : 200 บาท"
HP0054,"กางเกงขายาว|วัสดุ : ผ้ายีนส์|ขนาด : 28-33|ราคา : 350 บาท"
HP0055,"กางเกงขายาว|วัสดุ : ผ้ายีนส์|ขนาด : 28-33|ราคา : 350 บาท"
HP0056,"กางเกงขายาว|วัสดุ : ผ้ายีนส์|ขนาด : 28-33|ราคา : 350 บาท"
HP0057,"เสื้อกันหนาว|วัสดุ : cotton|ขนาด : M,L,XL|ราคา : 410 บาท"
HP0058,"เสื้อกันหนาว|วัสดุ : cotton|ขนาด : M,L,XL|ราคา : 410 บาท"
HP0059,"เสื้อกันหนาว|วัสดุ : cotton|ขนาด : M,L,XL|ราคา : 410 บาท"
HP0060,"เสื้อกันหนาว|วัสดุ : cotton|ขนาด : M,L,XL|ราคา : 410 บาท"
HP0061,"เสื้อเชิ้ต|วัสดุ : cotton ผสม polyester|ขนาด : M,L,XL,XXL|ราคา : 310 บาท"
HP0062,"เสื้อเชิ้ต|วัสดุ : cotton ผสม polyester|ขนาด : M,L,XL,XXL|ราคา : 310 บาท"
HP0063,"เสื้อเชิ้ต|วัสดุ : cotton ผสม polyester|ขนาด : M,L,XL,XXL|ราคา : 310 บาท"
HP0064,"เสื้อเชิ้ต|วัสดุ : cotton ผสม polyester|ขนาด : M,L,XL,XXL|ราคา : 310 บาท"
HP0065,"กางเกงขายาว|วัสดุ : ผ้ายีนส์|ขนาด : 28-34|ราคา : 820 บาท"
HP0066,"กางเกงขายาว|วัสดุ : ผ้ายีนส์|ขนาด : 28-34|ราคา : 820 บาท"
HP0067,"กางเกงขายาว|วัสดุ : ผ้ายีนส์|ขนาด : 28-34|ราคา : 820 บาท"
HP0068,"กางเกงขายาว|วัสดุ : ผ้ายีนส์|ขนาด : 28-34|ราคา : 820 บาท"
HP0069,"กางเกงขายาว|วัสดุ : ผ้ายีนส์|ขนาด : 28-34|ราคา : 820 บาท"
HP0070,"เสื้อกันหนาว|วัสดุ : cotton|ขนาด : M,L,XL|ราคา : 410 บาท"
HP0071,"เสื้อกันหนาว|วัสดุ : cotton|ขนาด : M,L,XL|ราคา : 410 บาท"
HP0072,"เสื้อกันหนาว|วัสดุ : cotton|ขนาด : M,L,XL|ราคา : 410 บาท"
HP0073,"กางเกงขายาว|วัสดุ : ผ้ายีนส์|ขนาด : 28-34|ราคา : 410 บาท"
HP0074,"กางเกงขายาว|วัสดุ : ผ้ายีนส์|ขนาด : 28-34|ราคา : 410 บาท"
HP0075,"กางเกงขายาว|วัสดุ : ผ้ายีนส์|ขนาด : 28-34|ราคา : 410 บาท"
HP0076,"กางเกงขายาว|วัสดุ : ผ้ายีนส์|ขนาด : 28-34|ราคา : 410 บาท"
HP0077,"เสื้อกันหนาว|วัสดุ : cotton|ขนาด : M,L,XL,XXL|ราคา : 490 บาท"
HP0078,"กางเกงขายาว|วัสดุ : ผ้ายีนส์|ขนาด : 28-34|ราคา : 550 บาท"
HP0079,"กางเกงขายาว|วัสดุ : ผ้ายีนส์|ขนาด : 28-34|ราคา : 550 บาท"
HP0080,"กางเกงขายาว|วัสดุ : ผ้ายีนส์|ขนาด : 28-34|ราคา : 550 บาท"
HP0081,"กางเกงขายาว|วัสดุ : ผ้ายีนส์|ขนาด : 28-34|ราคา : 550 บาท"
HP0082,"กางเกงขายาว|วัสดุ : ผ้ายีนส์|ขนาด : 28-34|ราคา : 550 บาท"
HP0083,"กางเกงขายาว|วัสดุ : ผ้ายีนส์|ขนาด : 28-34|ราคา : 420 บาท"
HP0084,"กางเกงขายาว|วัสดุ : ผ้ายีนส์|ขนาด : 28-34|ราคา : 560 บาท"
HP0085,"กางเกงขายาว|วัสดุ : ผ้ายีนส์|ขนาด : 28-34|ราคา : 560 บาท"
HP0086,"กางเกงขายาว|วัสดุ : ผ้ายีนส์|ขนาด : 28-34|ราคา : 280 บาท"
HP0087,"กางเกงขายาว|วัสดุ : ผ้ายีนส์|ขนาด : 28-34|ราคา : 420 บาท"
HP0088,"กางเกงขายาว|วัสดุ : ผ้ายีนส์|ขนาด : 28-34|ราคา : 560 บาท"
HP0089,"กางเกงขายาว|วัสดุ : ผ้ายีนส์|ขนาด : 28-34|ราคา : 280 บาท"
HP0090,"กางเกงขายาว|วัสดุ : ผ้ายีนส์|ขนาด : 28-34|ราคา : 420 บาท"
HP0091,"กางเกงขายาว|วัสดุ : ผ้ายีนส์|ขนาด : 28-34|ราคา : 730 บาท"
HP0092,"กางเกงขายาว|วัสดุ : ผ้ายีนส์|ขนาด : 28-34|ราคา : 730 บาท"
HP0093,"กางเกงขายาว|วัสดุ : ผ้ายีนส์|ขนาด : 28-34|ราคา : 730 บาท"
HP0094,"กางเกงขายาว|วัสดุ : ผ้ายีนส์|ขนาด : 28-34|ราคา : 730 บาท"
HP0095,"เสื้อยืด|วัสดุ : cotton|ขนาด : M,L,XL,XXL|ราคา : 240 บาท"
HP0096,"เสื้อยืด|วัสดุ : cotton|ขนาด : M,L,XL,XXL|ราคา : 240 บาท"
HP0097,"เสื้อยืด|วัสดุ : cotton|ขนาด : M,L,XL,XXL|ราคา : 240 บาท"
HP0098,"เสื้อยืด|วัสดุ : cotton|ขนาด : M,L,XL,XXL|ราคา : 240 บาท"
HP0099,"เสื้อยืด|วัสดุ : cotton|ขนาด : M,L,XL,XXL|ราคา : 240 บาท"
HP0100,"เสื้อยืด|วัสดุ : cotton|ขนาด : M,L,XL,XXL|ราคา : 240 บาท"
HP0101,"เสื้อยืด|วัสดุ : cotton|ขนาด : M,L,XL,XXL|ราคา : 240 บาท"
HP0102,"เสื้อยืด|วัสดุ : cotton|ขนาด : M,L,XL,XXL|ราคา : 240 บาท"
HP0103,"เสื้อยืด|วัสดุ : cotton|ขนาด : M,L,XL,XXL|ราคา : 240 บาท"
HP0104,"เสื้อยืด|วัสดุ : cotton|ขนาด : M,L,XL,XXL|ราคา : 240 บาท"
HP0105,"เสื้อยืด|วัสดุ : cotton|ขนาด : M,L,XL,XXL|ราคา : 240 บาท"
HP0106,"เสื้อยืด|วัสดุ : cotton|ขนาด : M,L,XL,XXL|ราคา : 240 บาท"
HP0107,"เสื้อยืด|วัสดุ : cotton|ขนาด : M,L,XL,XXL|ราคา : 240 บาท"
HP0108,"เสื้อยืด|วัสดุ : cotton|ขนาด : M,L,XL,XXL|ราคา : 240 บาท"
HP0109,"เสื้อยืด|วัสดุ : cotton|ขนาด : M,L,XL,XXL|ราคา : 240 บาท"
HP0110,"เสื้อยืด|วัสดุ : cotton|ขนาด : M,L,XL,XXL|ราคา : 240 บาท"
HP0111,"เสื้อยืด|วัสดุ : cotton|ขนาด : M,L,XL,XXL|ราคา : 240 บาท"
HP0112,"เสื้อยืด|วัสดุ : cotton|ขนาด : M,L,XL,XXL|ราคา : 240 บาท"
HP0113,"เสื้อยืด|วัสดุ : cotton|ขนาด : M,L,XL,XXL|ราคา : 240 บาท"
HP0114,"เสื้อยืด|วัสดุ : cotton|ขนาด : M,L,XL,XXL|ราคา : 270 บาท"
HP0115,"เสื้อยืด|วัสดุ : cotton|ขนาด : M,L,XL,XXL|ราคา : 270 บาท"
HP0116,"เสื้อยืด|วัสดุ : cotton|ขนาด : M,L,XL,XXL|ราคา : 270 บาท"
HP0117,"เสื้อยืด|วัสดุ : cotton|ขนาด : M,L,XL,XXL|ราคา : 270 บาท"
HP0118,"เสื้อยืด|วัสดุ : cotton|ขนาด : M,L,XL,XXL|ราคา : 270 บาท"
HP0119,"เสื้อยืด|วัสดุ : cotton|ขนาด : M,L,XL,XXL|ราคา : 270 บาท"
HP0120,"เสื้อยืด|วัสดุ : cotton|ขนาด : M,L,XL,XXL|ราคา : 270 บาท"
HP0121,"เสื้อยืด|วัสดุ : cotton|ขนาด : M,L,XL,XXL|ราคา : 270 บาท"
HP0122,"เสื้อยืด|วัสดุ : cotton|ขนาด : M,L,XL,XXL|ราคา : 370 บาท"
HP0123,"เสื้อยืด|วัสดุ : cotton|ขนาด : M,L,XL,XXL|ราคา : 370 บาท"
HP0125,"เสื้อยืด|วัสดุ : cotton|ขนาด : M,L,XL,XXL|ราคา : 240 บาท"
HP0126,"เสื้อยืด|วัสดุ : cotton|ขนาด : M,L,XL|ราคา : 400 บาท"
HP0127,"เสื้อยืด|วัสดุ : cotton|ขนาด : M,L,XL|ราคา : 400 บาท"
HP0128,"เสื้อยืด|วัสดุ : cotton|ขนาด : M,L,XL,XXL|ราคา : 410 บาท"
HP0129,"เสื้อยืด|วัสดุ : cotton|ขนาด : M,L,XL,XXL|ราคา : 410 บาท"
HP0132,"เสื้อยืด|วัสดุ : cotton|ขนาด : M,L,XL,XXL|ราคา : 410 บาท"
HP0133,"เสื้อยืด|วัสดุ : cotton|ขนาด : M,L,XL,XXL|ราคา : 410 บาท"
HP0134,"เสื้อยืด|วัสดุ : cotton|ขนาด : M,L,XL,XXL|ราคา : 410 บาท"
HP0135,"เสื้อยืด|วัสดุ : cotton|ขนาด : M,L,XL,XXL|ราคา : 410 บาท"
HP0136,"เสื้อยืด|วัสดุ : cotton|ขนาด : M,L,XL,XXL|ราคา : 410 บาท"
HP0137,"เสื้อยืด|วัสดุ : cotton|ขนาด : M,L,XL,XXL|ราคา : 410 บาท"
HP0138,"เสื้อยืด|วัสดุ : cotton|ขนาด : M,L,XL,XXL|ราคา : 410 บาท"
HP0139,"เสื้อยืด|วัสดุ : cotton|ขนาด : M,L,XL,XXL|ราคา : 410 บาท"
HP0140,"เสื้อยืด|วัสดุ : cotton|ขนาด : M,L,XL,XXL|ราคา : 410 บาท"
HP0141,"เสื้อยืด|วัสดุ : cotton|ขนาด : M,L,XL,XXL|ราคา : 410 บาท"
HP0142,"เสื้อหนาว|วัสดุ : cotton|ขนาด : M,L,XL|ราคา : 560 บาท"
HP0143,"เสื้อหนาว|วัสดุ : cotton|ขนาด : M,L,XL|ราคา : 560 บาท"
HP0144,"เสื้อหนาว|วัสดุ : cotton|ขนาด : M,L,XL|ราคา : 560 บาท"
HP0145,"กางเกงขายาว|วัสดุ : ผ้ายีนส์|ขนาด : 28-34,36,38,40|ราคา : 550 บาท"
HP0146,"กางเกงขายาว|วัสดุ : ผ้ายีนส์|ขนาด : 28-34,36,38,40|ราคา : 550 บาท"
HP0147,"กางเกงขายาว|วัสดุ : ผ้ายีนส์|ขนาด : 28-34,36,38,40|ราคา : 550 บาท"
HP0148,"กางเกงขายาว|วัสดุ : ผ้ายีนส์|ขนาด : 28-34,36,38,40|ราคา : 410 บาท"
HP0149,"กางเกงขายาว|วัสดุ : ผ้ายีนส์|ขนาด : 28-34,36,38,40|ราคา : 550 บาท"
HP0150,"เสื้อไหมพรม|ขนาด : M,L,XL,XXL|ราคา : 280 บาท"
HP0151,"เสื้อไหมพรม|ขนาด : M,L,XL,XXL|ราคา : 280 บาท"
HP0152,"เสื้อคอเต่า|ขนาด : M,L,XL,XXL|ราคา : 550 บาท"
HP0153,"กางเกงขายาว|ขนาด : 29-34|ราคา : 690 บาท"
HP0154,"เสื้อเชิ้ต|ขนาด : M,L,XL,XXL|ราคา : 540 บาท"
HP0155,"เสื้อเชิ้ต|ขนาด : M,L,XL,XXL|ราคา : 410 บาท"
HP0156,"เสื้อเชิ้ต|ขนาด : M,L,XL,XXL|ราคา : 410 บาท"
HP0157,"เสื้อเชิ้ต|ขนาด : M,L,XL,XXL|ราคา : 410 บาท"
HP0158,"กางเกงขาสั้น|ขนาด : 29-35|ราคา : 540 บาท"
HP0159,"กางเกงขาสั้น|ขนาด : 28-34|ราคา : 540 บาท"
HP0160,"กางเกงขาสั้น|ขนาด : 28-35|ราคา : 540 บาท"
HP0161,"กางเกงขายาวเอวยางยืด|ขนาด : M,L,XL,XXL|ราคา : 540 บาท"
HP0162,"เสื้อเชิ้ต|ขนาด : M,L,XL,XXL|ราคา : 410 บาท"
HP0163,"เสื้อเชิ้ต|ขนาด : M,L,XL,XXL|ราคา : 410 บาท"
HP0164,"เสื้อเชิ้ต|ขนาด : M,L,XL,XXL|ราคา : 550 บาท"
HP0165,"เสื้อเชิ้ต|ขนาด : M,L,XL,XXL|ราคา : 550 บาท"
HP0166,"กางเกงขายาว|ขนาด : 28-36|ราคา : 550 บาท"
HP0167,"กางเกงขายาว|ขนาด : 28-36|ราคา : 550 บาท"
HP0168,"กางเกงขายาว|ขนาด : 28-36|ราคา : 550 บาท"
HP0169,"เสื้อยืดคอกลม|ขนาด : M,L,XL,XXL|ราคา : 280 บาท"
HP0170,"เสื้อยืดคอกลม|ขนาด : M,L,XL,XXL|ราคา : 280 บาท"
HP0171,"เสื้อยืดคอกลม|ขนาด : M,L,XL,XXL|ราคา : 280 บาท"
HP0172,"เสื้อยืดคอกลม|ขนาด : M,L,XL,XXL|ราคา : 280 บาท"
HP0173,"เสื้อยืดคอกลม|ขนาด : M,L,XL,XXL|ราคา : 280 บาท"
HP0174,"เสื้อยืดคอกลม|ขนาด : M,L,XL,XXL|ราคา : 280 บาท"
HP0175,"เสื้อแจ๊คเกต|ขนาด : L,XL,XXL|ราคา : 970 บาท"
HP0176,"กางเกงขาสั้น|ขนาด : 28-33|ราคา : 540 บาท"
HP0177,"กางเกงขาสั้น|ขนาด : 28-33|ราคา : 540 บาท"
HP0178,"เสื้อยืดคอกลม|ขนาด : M,L,XL,XXL|ราคา : 260 บาท"
HP0179,"เสื้อยืดคอกลม|ขนาด : M,L,XL,XXL|ราคา : 260 บาท"
HP0180,"เสื้อยืดคอกลม|ขนาด : M,L,XL,XXL|ราคา : 260 บาท"
HP0181,"เสื้อยืดคอกลม|ขนาด : M,L,XL,XXL|ราคา : 190 บาท"
HP0182,"เสื้อยืดคอกลม|ขนาด : M,L,XL,XXL|ราคา : 190 บาท"
HP0183,"เสื้อยืดคอกลม|ขนาด : M,L,XL,XXL|ราคา : 190 บาท"
HP0184,"เสื้อยืดคอกลม|ขนาด : M,L,XL,XXL|ราคา : 190 บาท"
HP0185,"กางเกงขาสั้น|ขนาด : 28-33|ราคา : 270 บาท"
HP0186,"กางเกงขาสั้น|ขนาด : 28-33|ราคา : 270 บาท"
HP0187,"กางเกงขาสั้น|ขนาด : 28-33|ราคา : 270 บาท"
HP0188,"กางเกงขาสั้น|ขนาด : 28-33|ราคา : 270 บาท"
HP0189,"กางเกงขาสามส่วน|ขนาด : 28-33|ราคา : 400 บาท"
HP0190,"เสื้อเชิ้ต|ขนาด : M,L,XL,XXL|ราคา : 450 บาท"
HP0191,"เสื้อเชิ้ต|ขนาด : M,L,XL,XXL|ราคา : 450 บาท"
HP0192,"เสื้อเชิ้ต|ขนาด : M,L,XL,XXL|ราคา : 450 บาท"
HP0193,"เสื้อเชิ้ต|ขนาด : M,L,XL,XXL|ราคา : 450 บาท"
HP0194,"กางเกงขาสั้น|ขนาด : 28-34|ราคา : 360 บาท"
HP0195,"กางเกงขาสั้น|ขนาด : 28-34|ราคา : 360 บาท"
HP0196,"กางเกงขาสั้น|ขนาด : 28-34|ราคา : 360 บาท"
HP0197,"กางเกงขาสั้น|ขนาด : 28-34|ราคา : 360 บาท"
HP0198,"เสื้อเชิ้ต|ขนาด : M,L,XL,XXL|ราคา : 590 บาท"
HP0199,"เสื้อยีน|ขนาด : M,L,XL,XXL|ราคา : 510 บาท"
HP0200,"เสื้อยีน|ขนาด : M,L,XL,XXL|ราคา : 510 บาท"
HP0201,"กางเกงขายาว|ขนาด : 28-34|ราคา : 350 บาท"
HP0202,"กางเกงขายาว|ขนาด : 28-34|ราคา : 350 บาท"
HP0203,"เสื้อยืดคอกลม|ขนาด : M,L,XL,XXL|ราคา : 230 บาท"
HP0204,"กางเกงยีน|ขนาด : 28-34|ราคา : 450 บาท"
HP0205,"กางเกงยีน|ขนาด : 28-34|ราคา : 450 บาท"
HP0206,"กางเกงยีน|ขนาด : 28-34|ราคา : 450 บาท"
HP0207,"กางเกงยีน|ขนาด : 28-34|ราคา : 450 บาท"
HP0208,"กางเกงขายาว|ขนาด : 28-34|ราคา : 620 บาท"
HP0209,"เสื้อยืดคอกลม|ขนาด : M,L,XL,XXL|ราคา : 190 บาท"
HP0210,"เสื้อเชิ้ต|ขนาด : M,L,XL,XXL|ราคา : 420 บาท"
HP0211,"เสื้อเชิ้ต|ขนาด : M,L,XL,XXL|ราคา : 420 บาท"
HP0212,"เสื้อเชิ้ต|ขนาด : M,L,XL,XXL|ราคา : 420 บาท"
HP0213,"เสื้อเชิ้ต|ขนาด : M,L,XL,XXL|ราคา : 420 บาท"
HP0214,"เสื้อเชิ้ต|ขนาด : M,L,XL,XXL|ราคา : 420 บาท"
HP0215,"เสื้อเชิ้ต|ขนาด : M,L,XL,XXL|ราคา : 420 บาท"
HP0216,"เสื้อเชิ้ต|ขนาด : M,L,XL,XXL|ราคา : 420 บาท"
HP0217,"เสื้อเชิ้ต|ขนาด : M,L,XL,XXL|ราคา : 420 บาท"
HP0218,"กางเกงขาสามส่วน|ขนาด : 28-34|ราคา : 340 บาท"
HP0219,"กางเกงขาสามส่วน|ขนาด : 28-34|ราคา : 340 บาท"
HP0220,"กางเกงขาสั้น|ขนาด : 28-34|ราคา : 350 บาท"
HP0221,"กางเกงขาสั้น|ขนาด : 28-34|ราคา : 420 บาท"
HP0222,"กางเกงขาสั้น|ขนาด : 28-34|ราคา : 200 บาท"
HP0223,"กางเกงขาสั้น|ขนาด : 28-34|ราคา : 200 บาท"
HP0224,"กางเกงขาสั้น|ขนาด : 28-34|ราคา : 200 บาท"
HP0225,"กางเกงขาสั้น|ขนาด : 28-34|ราคา : 200 บาท"
HP0226,"เสื้อยืดคอกลม|ขนาด : M,L,XL,XXL|ราคา : 230 บาท"
HP0227,"เสื้อยืดคอกลม|ขนาด : M,L,XL,XXL|ราคา : 230 บาท"
HP0228,"เสื้อยืดคอกลม|ขนาด : M,L,XL,XXL|ราคา : 230 บาท"
HP0229,"เสื้อยืดคอกลม|ขนาด : M,L,XL,XXL|ราคา : 230 บาท"
HP0230,"เสื้อยืดคอกลม|ขนาด : M,L,XL,XXL|ราคา : 230 บาท"
HP0231,"เสื้อยืดคอกลม|ขนาด : M,L,XL,XXL|ราคา : 230 บาท"
HP0232,"เสื้อยืดคอกลม|ขนาด : M,L,XL,XXL|ราคา : 230 บาท"
HP0233,"เสื้อยืดคอกลม|ขนาด : M,L,XL,XXL|ราคา : 230 บาท"
HP0234,"กางเกงเอวยางยืด|ขนาด : M,L,XL,XXL|ราคา : 690 บาท"
HP0235,"กางเกงเอวยางยืด|ขนาด : M,L,XL,XXL|ราคา : 690 บาท"
HP0236,"กางเกงเอวยางยืด|ขนาด : M,L,XL,XXL|ราคา : 690 บาท"
HP0237,"กางเกงเอวยางยืด|ขนาด : M,L,XL,XXL|ราคา : 690 บาท"
HP0238,"กางเกงเอวยางยืด|ขนาด : M,L,XL,XXL|ราคา : 690 บาท"
HP0239,"กางเกงเอวยางยืด|ขนาด : M,L,XL,XXL|ราคา : 690 บาท"
HP0240,"กางเกงเอวยางยืด|ขนาด : M,L,XL,XXL|ราคา : 690 บาท"
HP0241,"กางเกงเอวยางยืด|ขนาด : M,L,XL,XXL|ราคา : 690 บาท"
HP0242,"กางเกงเอวยางยืด|ขนาด : M,L,XL,XXL|ราคา : 690 บาท"
HP0243,"กางเกงเอวยางยืด|ขนาด : M,L,XL|ราคา : 210 บาท"
HP0244,"กางเกงเอวยางยืด|ขนาด : M,L,XL|ราคา : 210 บาท"
HP0245,"กางเกงเอวยางยืด|ขนาด : M,L,XL|ราคา : 210 บาท"
HP0246,"กางเกงเอวยางยืด|ขนาด : M,L,XL|ราคา : 210 บาท"
HP0247,"กางเกงเอวยางยืด|ขนาด : M,L,XL|ราคา : 210 บาท"
HP0248,"กางเกงเอวยางยืด|ขนาด : M,L,XL|ราคา : 210 บาท"
HP0249,"กางเกงเอวยางยืด|ขนาด : M,L,XL|ราคา : 210 บาท"
HP0250,"เสื้อกล้ามสกรีนลาย|ขนาด : M,L,XL|ราคา : 160 บาท"
HP0251,"เสื้อกล้ามสกรีนลาย|ขนาด : M,L,XL|ราคา : 160 บาท"
HP0252,"เสื้อกล้ามสกรีนลาย|ขนาด : M,L,XL|ราคา : 160 บาท"
HP0253,"เสื้อกล้ามสกรีนลาย|ขนาด : M,L,XL|ราคา : 160 บาท"
HP0254,"เสื้อกล้ามสกรีนลาย|ขนาด : M,L,XL|ราคา : 160 บาท"
HP0255,"เสื้อกล้ามสกรีนลาย|ขนาด : M,L,XL|ราคา : 160 บาท"
HP0256,"เสื้อกล้ามสกรีนลาย|ขนาด : M,L,XL|ราคา : 160 บาท"
HP0257,"เสื้อกล้ามสกรีนลาย|ขนาด : M,L,XL|ราคา : 160 บาท"
HP0258,"เสื้อกล้ามสกรีนลาย|ขนาด : M,L,XL|ราคา : 160 บาท"
HP0259,"เสื้อกล้ามสกรีนลาย|ขนาด : M,L,XL|ราคา : 160 บาท"
HP0260,"เสื้อกล้ามสกรีนลาย|ขนาด : M,L,XL|ราคา : 160 บาท"
HP0261,"เสื้อกล้ามสกรีนลาย|ขนาด : M,L,XL|ราคา : 160 บาท"
HP0262,"เสื้อกล้ามสกรีนลาย|ขนาด : M,L,XL|ราคา : 160 บาท"
HP0263,"เสื้อกล้ามสกรีนลาย|ขนาด : M,L,XL|ราคา : 160 บาท"
HP0264,"เสื้อกล้ามสกรีนลาย|ขนาด : M,L,XL|ราคา : 160 บาท"
HP0265,"เสื้อกล้ามสกรีนลาย|ขนาด : M,L,XL|ราคา : 160 บาท"
HP0266,"เสื้อกล้ามสกรีนลาย|ขนาด : M,L,XL|ราคา : 160 บาท"
HP0267,"กางเกงเอวยางยืด|ขนาด : M,L,XL|ราคา : 210 บาท"
HP0268,"กางเกงเอวยางยืด|ขนาด : M,L,XL|ราคา : 210 บาท"
HP0269,"กางเกงลายทหาร|ขนาด : M,L,XL|ราคา : 260 บาท"
HP0270,"กางเกงลายทหาร|ขนาด : M,L,XL|ราคา : 260 บาท"
HP0271,"กางเกงลายทหาร|ขนาด : M,L,XL|ราคา : 260 บาท"
HP0272,"แจ็ตเก็ตยีนส์แขนยาว|ขนาด : M,L,XL,XXL,XXXL|ราคา : 560 บาท"
HP0273,"แจ็ตเก็ตยีนส์แขนยาว|ขนาด : M,L,XL,XXL,XXXL|ราคา : 560 บาท"
HP0274,"แจ็ตเก็ตยีนส์แขนยาว|ขนาด : M,L,XL,XXL,XXXL|ราคา : 560 บาท"
HP0275,"แจ็ตเก็ตยีนส์แขนยาว|ขนาด : M,L,XL,XXL,XXXL|ราคา : 560 บาท"
HP0276,"แจ็ตเก็ตยีนส์แขนยาว|ขนาด : M,L,XL,XXL,XXXL|ราคา : 560 บาท"
HP0277,"แจ็ตเก็ตยีนส์แขนยาว|ขนาด : M,L,XL,XXL,XXXL|ราคา : 560 บาท"
HP0278,"เสื้อเชิ้ตแขนยาว|ขนาด : M,L,XL,XXL|ราคา : 630 บาท"
HP0279,"เสื้อเชิ้ตแขนยาว|ขนาด : M,L,XL,XXL|ราคา : 630 บาท"
HP0280,"เสื้อเชิ้ตแขนยาว|ขนาด : M,L,XL,XXL|ราคา : 630 บาท"
HP0281,"เสื้อเชิ้ตแขนยาว|ขนาด : M,L,XL,XXL|ราคา : 630 บาท"
HP0282,"เสื้อเชิ้ตแขนยาว|ขนาด : M,L,XL,XXL|ราคา : 630 บาท"
HP0283,"เสื้อเชิ้ตแขนยาว|ขนาด : M,L,XL,XXL|ราคา : 630 บาท"
HP0284,"เสื้อเชิ้ตแขนยาว|ขนาด : M,L,XL,XXL|ราคา : 520 บาท"
HP0285,"เสื้อเชิ้ตแขนยาว|ขนาด : M,L,XL,XXL|ราคา : 520 บาท"
HP0286,"เสื้อเชิ้ตแขนยาว|ขนาด : M,L,XL,XXL|ราคา : 520 บาท"
HP0287,"เสื้อเชิ้ตแขนยาว|ขนาด : M,L,XL,XXL,XXXL,XXXXL|ราคา : 560 บาท"
HP0288,"เสื้อเชิ้ตแขนยาว|ขนาด : M,L,XL,XXL,XXXL,XXXXL|ราคา : 560 บาท"
HP0289,"เสื้อเชิ้ตแขนยาว|ขนาด : M,L,XL,XXL,XXXL,XXXXL|ราคา : 560 บาท"
HP0290,"เสื้อเชิ้ตแขนยาว|ขนาด : M,L,XL,XXL,XXXL,XXXXL|ราคา : 560 บาท"
HP0291,"เสื้อเชิ้ตแขนยาว|ขนาด : M,L,XL,XXL,XXXL,XXXXL|ราคา : 560 บาท"
HP0292,"เสื้อเชิ้ตแขนยาว|ขนาด : M,L,XL,XXL,XXXL,XXXXL|ราคา : 560 บาท"
HP0293,"เสื้อเชิ้ตแขนยาว|ขนาด : M,L,XL,XXL,XXXL,XXXXL|ราคา : 560 บาท"
HP0294,"เสื้อเชิ้ตแขนยาว|ขนาด : M,L,XL,XXL,XXXL,XXXXL|ราคา : 560 บาท"
HP0295,"เสื้อเชิ้ตแขนสั้น|ขนาด : S,M,L,XL,XXL|ราคา : 410 บาท"
HP0296,"เสื้อเชิ้ตแขนสั้น|ขนาด : S,M,L,XL,XXL|ราคา : 410 บาท"
HP0297,"เสื้อเชิ้ตแขนสั้น|ขนาด : S,M,L,XL,XXL|ราคา : 410 บาท"
HP0298,"เสื้อเชิ้ตแขนสั้น|ขนาด : S,M,L,XL,XXL|ราคา : 410 บาท"
HP0299,"เสื้อเชิ้ตแขนสั้น|ขนาด : S,M,L,XL,XXL|ราคา : 410 บาท"
HP0300,"กางเกงขาสามส่วน|ขนาด : เอว 28-34|ราคา : 410 บาท"
HP0301,"กางเกงขาสามส่วน|ขนาด : เอว 28-34|ราคา : 410 บาท"
HP0302,"กางเกงขาสามส่วน|ขนาด : เอว 28-34|ราคา : 410 บาท"
HP0303,"กางเกงขาสามส่วน|ขนาด : เอว 28-34|ราคา : 410 บาท"
HP0304,"กางเกงขาสามส่วน|ขนาด : เอว 28-34|ราคา : 410 บาท"
HP0305,"กางเกงขาสามส่วน|ขนาด : เอว 28-34|ราคา : 410 บาท"
HP0306,"กางเกงขาสามส่วน|ขนาด : เอว 28-34|ราคา : 410 บาท"
HP0307,"กางเกงขายาว|ขนาด : M,L,XL,2XL,3XL,4XL,5XL|ราคา : 410 บาท"
HP0308,"กางเกงขายาว|ขนาด : M,L,XL,2XL,3XL,4XL,5XL|ราคา : 410 บาท"
HP0309,"กางเกงขายาว|ขนาด : M,L,XL,2XL,3XL,4XL,5XL|ราคา : 410 บาท"
HP0310,"กางเกงขายาว|ขนาด : M,L,XL,2XL,3XL,4XL,5XL|ราคา : 410 บาท"
HP0311,"กางเกงขายาว|ขนาด : M,L,XL,2XL,3XL,4XL,5XL|ราคา : 410 บาท"
HP0312,"กางเกงขายาว|ขนาด : M,L,XL,2XL,3XL,4XL,5XL|ราคา : 410 บาท"
HP0313,"กางเกงขายาว|ขนาด : M,L,XL,2XL,3XL,4XL,5XL|ราคา : 410 บาท"
HP0314,"กางเกงขายาว|ขนาด : M,L,XL,2XL,3XL,4XL,5XL|ราคา : 410 บาท"
HP0315,"กางเกงขาสั้น|ขนาด : L,XL,XXL,XXXL|ราคา : 410 บาท"
HP0316,"กางเกงขาสั้น|ขนาด : L,XL,XXL,XXXL|ราคา : 410 บาท"
HP0317,"กางเกงขาสั้น|ขนาด : L,XL,XXL,XXXL|ราคา : 410 บาท"
HP0318,"กางเกงขาสั้น|ขนาด : L,XL,XXL,XXXL|ราคา : 410 บาท"
HP0319,"กางเกงขาสั้น|ขนาด : M,L,XL,XXL,XXXL|ราคา : 560 บาท"
HP0320,"กางเกงขาสั้น|ขนาด : M,L,XL,XXL,XXXL|ราคา : 560 บาท"
HP0321,"กางเกงขาสั้น|ขนาด : M,L,XL,XXL,XXXL|ราคา : 560 บาท"
HP0322,"กางเกงขาสั้น|ขนาด : M,L,XL,XXL,XXXL|ราคา : 560 บาท"
HP0323,"กางเกงขาสั้น|ขนาด : M,L,XL,XXL,XXXL|ราคา : 560 บาท"
HP0324,"กางเกงขาสั้น|ขนาด : M,L,XL,XXL,XXXL|ราคา : 560 บาท"
HP0325,"เสื้อแขนสั้น|ขนาด : M,L,XL|ราคา : 140 บาท"
HP0326,"เสื้อแขนสั้น|ขนาด : M,L,XL|ราคา : 140 บาท"
HP0327,"เสื้อแขนสั้น|ขนาด : M,L,XL|ราคา : 140 บาท"
HP0328,"เสื้อแขนสั้น|ขนาด : M,L,XL|ราคา : 140 บาท"
HP0329,"เสื้อแขนสั้น|ขนาด : M,L,XL|ราคา : 140 บาท"
HP0330,"เสื้อแขนสั้น|ขนาด : M,L,XL|ราคา : 140 บาท"
HP0331,"เสื้อแขนสั้น|ขนาด : M,L,XL|ราคา : 140 บาท"
HP0332,"เสื้อแขนสั้น|ขนาด : M,L,XL|ราคา : 140 บาท"
HP0333,"เสื้อแขนสั้น|ขนาด : M,L,XL|ราคา : 140 บาท"
HP0334,"เสื้อแขนสั้น|ขนาด : M,L,XL|ราคา : 140 บาท"
HP0335,"เสื้อแขนสั้น|ขนาด : M,L,XL|ราคา : 140 บาท"
HP0336,"เสื้อแขนสั้น|ขนาด : M,L,XL|ราคา : 140 บาท"
HP0337,"เสื้อแขนสั้น|ขนาด : M,L,XL|ราคา : 140 บาท"
HP0338,"เสื้อแขนสั้น|ขนาด : M,L,XL|ราคา : 140 บาท"
HP0339,"เสื้อแขนสั้น|ขนาด : M,L,XL|ราคา : 140 บาท"
HP0340,"เสื้อแขนสั้น|ขนาด : M,L,XL|ราคา : 140 บาท"
HP0341,"เสื้อแขนสั้น|ขนาด : M,L,XL|ราคา : 140 บาท"
HP0342,"เสื้อแขนสั้น|ขนาด : M,L,XL|ราคา : 140 บาท"
HP0343,"เสื้อแขนสั้น|ขนาด : M,L,XL|ราคา : 140 บาท"
HP0344,"เสื้อแขนสั้น|ขนาด : M,L,XL|ราคา : 140 บาท"
HP0345,"เสื้อแขนสั้น|ขนาด : M,L,XL|ราคา : 140 บาท"
HP0346,"เสื้อแขนสั้น|ขนาด : M,L,XL|ราคา : 140 บาท"
HP0347,"เสื้อแขนสั้น|ขนาด : M,L,XL|ราคา : 140 บาท"
HP0348,"เสื้อแขนสั้น|ขนาด : M,L,XL|ราคา : 140 บาท"
HP0349,"เสื้อแขนสั้น|ขนาด : M,L,XL|ราคา : 140 บาท"
HP0350,"เสื้อแขนสั้น|ขนาด : M,L,XL|ราคา : 140 บาท"
HP0351,"เสื้อแขนสั้น|ขนาด : M,L,XL|ราคา : 140 บาท"
HP0352,"เสื้อแขนสั้น|ขนาด : M,L,XL|ราคา : 140 บาท"
HP0353,"เสื้อแขนสั้น|ขนาด : M,L,XL|ราคา : 140 บาท"
HP0354,"เสื้อแขนสั้น|ขนาด : M,L,XL|ราคา : 140 บาท"
HP0355,"เสื้อแขนสั้น|ขนาด : M,L,XL|ราคา : 140 บาท"
HP0356,"เสื้อแขนสั้น|ขนาด : M,L,XL|ราคา : 140 บาท"
HP0357,"เสื้อแขนสั้น|ขนาด : M,L,XL|ราคา : 140 บาท"
HP0358,"เสื้อแขนสั้น|ขนาด : M,L,XL|ราคา : 140 บาท"
HP0359,"เสื้อแขนสั้น|ขนาด : M,L,XL|ราคา : 140 บาท"
HP0360,"เสื้อแขนสั้น|ขนาด : M,L,XL|ราคา : 140 บาท"
HP0361,"เสื้อแขนสั้น|ขนาด : M,L,XL|ราคา : 140 บาท"
HP0362,"เสื้อแขนสั้น|ขนาด : M,L,XL|ราคา : 140 บาท"
HP0363,"เสื้อแขนสั้น|ขนาด : M,L,XL|ราคา : 140 บาท"
HP0364,"เสื้อแขนสั้น|ขนาด : M,L,XL|ราคา : 140 บาท"
HP0365,"เสื้อแขนสั้น|ขนาด : M,L,XL|ราคา : 140 บาท"
HP0366,"เสื้อแขนสั้น|ขนาด : M,L,XL|ราคา : 140 บาท"
HP0367,"เสื้อแขนสั้น|ขนาด : M,L,XL|ราคา : 140 บาท"
HP0368,"กางเกง|ขนาด : 28-34|ราคา : 540 บาท"
HP0369,"กางเกง|ขนาด : 28-34|ราคา : 540 บาท"
HP0370,"เสื้อเชิ้ตแขนสั้น|ขนาด : S,M,L,XL,XXL,XXXL|ราคา : 280 บาท"
HP0371,"เสื้อเชิ้ตแขนสั้น|ขนาด : S,M,L,XL,XXL,XXXL|ราคา : 280 บาท"
HP0372,"เสื้อเชิ้ตแขนสั้น|ขนาด : S,M,L,XL,XXL,XXXL|ราคา : 280 บาท"
HP0373,"เสื้อเชิ้ตแขนสั้น|ขนาด : S,M,L,XL,XXL,XXXL|ราคา : 280 บาท"
HP0374,"เสื้อเชิ้ตแขนสั้น|ขนาด : S,M,L,XL,XXL,XXXL|ราคา : 280 บาท"
HP0375,"เสื้อเชิ้ตแขนสั้น|ขนาด : S,M,L,XL,XXL,XXXL|ราคา : 280 บาท"
HP0376,"เสื้อเชิ้ตแขนสั้น|ขนาด : S,M,L,XL,XXL,XXXL|ราคา : 280 บาท"
HP0377,"เสื้อเชิ้ตแขนสั้น|ขนาด : S,M,L,XL,XXL,XXXL|ราคา : 280 บาท"
HP0378,"เสื้อเชิ้ตแขนสั้น|ขนาด : S,M,L,XL,XXL,XXXL|ราคา : 280 บาท"
HP0379,"เสื้อเชิ้ตแขนสั้น|ขนาด : S,M,L,XL,XXL,XXXL|ราคา : 280 บาท"
HP0380,"เสื้อเชิ้ตแขนสั้น|ขนาด : S,M,L,XL,XXL,XXXL|ราคา : 280 บาท"
HP0381,"เสื้อเชิ้ตแขนสั้น|ขนาด : S,M,L,XL,XXL,XXXL|ราคา : 280 บาท"
HP0382,"เสื้อเชิ้ตแขนสั้น|ขนาด : S,M,L,XL,XXL,XXXL|ราคา : 280 บาท"
HP0383,"เสื้อเชิ้ตแขนสั้น|ขนาด : S,M,L,XL,XXL,XXXL|ราคา : 280 บาท"
HP0384,"เสื้อเชิ้ตแขนสั้น|ขนาด : S,M,L,XL,XXL,XXXL|ราคา : 280 บาท"
HP0385,"เสื้อเชิ้ตแขนสั้น|ขนาด : S,M,L,XL,XXL,XXXL|ราคา : 280 บาท"
HP0386,"เสื้อเชิ้ตแขนสั้น|ขนาด : S,M,L,XL,XXL,XXXL|ราคา : 280 บาท"
HP0387,"เสื้อเชิ้ตแขนสั้น|ขนาด : S,M,L,XL,XXL,XXXL|ราคา : 280 บาท"
HP0388,"เสื้อเชิ้ตแขนสั้น|ขนาด : S,M,L,XL,XXL,XXXL|ราคา : 280 บาท"
HP0389,"เสื้อเชิ้ตแขนสั้น|ขนาด : S,M,L,XL,XXL,XXXL|ราคา : 280 บาท"
HP0390,"เสื้อเชิ้ตแขนสั้น|ขนาด : S,M,L,XL,XXL,XXXL|ราคา : 280 บาท"
HP0391,"เสื้อเชิ้ตแขนสั้น|ขนาด : S,M,L,XL,XXL,XXXL|ราคา : 280 บาท"
HP0392,"เสื้อเชิ้ตแขนสั้น|ขนาด : S,M,L,XL,XXL,XXXL|ราคา : 280 บาท"
HP0393,"เสื้อเชิ้ตแขนสั้น|ขนาด : S,M,L,XL,XXL,XXXL|ราคา : 280 บาท"
HP0394,"เสิ้อเชิ้ตแขนยาว|ขนาด : S,M,L,XL,XXL,XXXL|ราคา : 420 บาท"
HP0395,"เสิ้อเชิ้ตแขนยาว|ขนาด : S,M,L,XL,XXL,XXXL|ราคา : 420 บาท"
HP0396,"เสิ้อเชิ้ตแขนยาว|ขนาด : S,M,L,XL,XXL,XXXL|ราคา : 420 บาท"
HP0397,"เสิ้อเชิ้ตแขนยาว|ขนาด : S,M,L,XL,XXL,XXXL|ราคา : 420 บาท"
HP0398,"เสิ้อเชิ้ตแขนยาว|ขนาด : S,M,L,XL,XXL,XXXL|ราคา : 420 บาท"
HP0399,"เสิ้อเชิ้ตแขนยาว|ขนาด : S,M,L,XL,XXL,XXXL|ราคา : 420 บาท"
HP0400,"เสิ้อเชิ้ตแขนยาว|ขนาด : S,M,L,XL,XXL,XXXL|ราคา : 420 บาท"
HP0401,"เสิ้อเชิ้ตแขนยาว|ขนาด : S,M,L,XL,XXL,XXXL|ราคา : 420 บาท"
HP0402,"กางเกงวอร์มขาสามส่วน|ขนาด : M (28-29)|L (30-31)|XL (32-33)|XXL (34-36)|ราคา : 280 บาท"
HP0403,"กางเกงวอร์มขาสามส่วน|ขนาด : M (28-29)|L (30-31)|XL (32-33)|XXL (34-36)|ราคา : 280 บาท"
HP0404,"กางเกงวอร์มขาสามส่วน|ขนาด : M (28-29)|L (30-31)|XL (32-33)|XXL (34-36)|ราคา : 280 บาท"
HP0405,"กางเกงวอร์มขาสามส่วน|ขนาด : M (28-29)|L (30-31)|XL (32-33)|XXL (34-36)|ราคา : 280 บาท"
HP0406,"กางเกงวอร์มขาสามส่วน|ขนาด : M (28-29)|L (30-31)|XL (32-33)|XXL (34-36)|ราคา : 280 บาท"
HP0407,"กางเกงวอร์มขาสามส่วน|ขนาด : M (28-29)|L (30-31)|XL (32-33)|XXL (34-36)|ราคา : 280 บาท"
HP0408,"กางเกงวอร์มขาสามส่วน|ขนาด : M (28-29)|L (30-31)|XL (32-33)|XXL (34-36)|ราคา : 280 บาท"
HP0409,"กางเกง|ขนาด : 28-34|ราคา : 410 บาท"
HP0410,"กางเกง|ขนาด : 28-34|ราคา : 410 บาท"
HP0411,"กางเกง|ขนาด : 28-34|ราคา : 410 บาท"
HP0412,"กางเกง|ขนาด : 28-34|ราคา : 410 บาท"
HP0413,"กางเกง|ขนาด : 28-34|ราคา : 410 บาท"
HP0414,"กางเกง|ขนาด : 28-34|ราคา : 410 บาท"
HP0415,"กางเกง|ขนาด : 28-34|ราคา : 410 บาท"
HP0416,"กางเกง|ขนาด : 28-34|ราคา : 410 บาท"
HP0417,"กางเกง|ขนาด : 28-34|ราคา : 410 บาท"
HP0418,"กางเกง|ขนาด : M (28-29)|L (30-31)|XL (32-33)|XXL (34-36)|ราคา : 410 บาท"
HP0419,"กางเกง|ขนาด : M (28-29)|L (30-31)|XL (32-33)|XXL (34-36)|ราคา : 410 บาท"
HP0420,"กางเกง|ขนาด : M (28-29)|L (30-31)|XL (32-33)|XXL (34-36)|ราคา : 410 บาท"
HP0421,"กางเกง|ขนาด : M (28-29)|L (30-31)|XL (32-33)|XXL (34-36)|ราคา : 410 บาท"
HP0422,"กางเกง|ขนาด : M (28-29)|L (30-31)|XL (32-33)|XXL (34-36)|ราคา : 410 บาท"
HP0423,"กางเกงขาสั้น|ขนาด : M (28-29)|L (30-31)|XL (32-33)|XXL (34-35)|XXXL (36-37)|ราคา : 280 บาท"
HP0424,"กางเกงขาสั้น|ขนาด : M (28-29)|L (30-31)|XL (32-33)|XXL (34-35)|XXXL (36-37)|ราคา : 280 บาท"
HP0425,"กางเกงขาสั้น|ขนาด : M (28-29)|L (30-31)|XL (32-33)|XXL (34-35)|XXXL (36-37)|ราคา : 280 บาท"
HP0426,"กางเกงขาสั้น|ขนาด : M (28-29)|L (30-31)|XL (32-33)|XXL (34-35)|XXXL (36-37)|ราคา : 280 บาท"
HP0427,"กางเกงขาสั้น|ขนาด : M (28-29)|L (30-31)|XL (32-33)|XXL (34-35)|XXXL (36-37)|ราคา : 280 บาท"
HP0428,"กางเกงขาสั้น|ขนาด : M (28-29)|L (30-31)|XL (32-33)|XXL (34-35)|XXXL (36-37)|ราคา : 280 บาท"
HP0429,"กางเกงขายาว|ขนาด : M,L,XL|ราคา : 310 บาท"
HP0430,"กางเกงขายาว|ขนาด : M,L,XL|ราคา : 310 บาท"
HP0431,"กางเกงขายาว|ขนาด : M,L,XL|ราคา : 310 บาท"
HP0432,"กางเกงวอร์มขายาว|ขนาด : M(28-29)|L(30-31)|XL(32-34)|ราคา : 280 บาท"
HP0433,"กางเกงวอร์มขายาว|ขนาด : M(28-29)|L(30-31)|XL(32-34)|ราคา : 280 บาท"
HP0434,"กางเกงวอร์มขายาว|ขนาด : M(28-29)|L(30-31)|XL(32-34)|ราคา : 280 บาท"
HP0435,"เสื้อกล้าม|ขนาด : S,M,L,XL|ราคา : 110 บาท"
HP0436,"เสื้อกล้าม|ขนาด : S,M,L,XL|ราคา : 110 บาท"
HP0437,"เสื้อกล้าม|ขนาด : S,M,L,XL|ราคา : 110 บาท"
HP0438,"เสื้อแขนสั้น|ขนาด : M,L,XL|ราคา : 130 บาท"
HP0439,"เสื้อแขนสั้น|ขนาด : M,L,XL|ราคา : 130 บาท"
HP0440,"เสื้อแขนสั้น|ขนาด : M,L,XL|ราคา : 130 บาท"
HP0441,"เสื้อแขนสั้น|ขนาด : M,L,XL|ราคา : 130 บาท"
HP0442,"เสื้อแขนสั้น|ขนาด : M,L,XL|ราคา : 130 บาท"
HP0443,"เสื้อแขนสั้น|ขนาด : M,L,XL|ราคา : 130 บาท"
HP0444,"เสื้อแขนสั้น|ขนาด : M,L,XL|ราคา : 130 บาท"
HP0445,"เสื้อแขนสั้น|ขนาด : M,L,XL|ราคา : 130 บาท"
HP0446,"เสื้อแขนสั้น|ขนาด : M,L,XL|ราคา : 130 บาท"
HP0447,"เสื้อแขนสั้น|ขนาด : M,L,XL|ราคา : 130 บาท"
HP0448,"เสื้อแขนสั้น|ขนาด : M,L,XL|ราคา : 130 บาท"
HP0449,"เสื้อแขนสั้น|ขนาด : M,L,XL|ราคา : 130 บาท"
HP0450,"เสื้อแขนสั้น|ขนาด : M,L,XL|ราคา : 130 บาท"
HP0451,"เสื้อแขนสั้น|ขนาด : M,L,XL|ราคา : 130 บาท"
HP0452,"เสื้อแขนสั้น|ขนาด : M,L,XL|ราคา : 130 บาท"
HP0453,"เสื้อแขนสั้น|ขนาด : M,L,XL|ราคา : 130 บาท"
HP0454,"เสื้อแขนสั้น|ขนาด : M,L,XL|ราคา : 130 บาท"
HP0455,"เสื้อแขนสั้น|ขนาด : M,L,XL|ราคา : 130 บาท"
HP0456,"เสื้อแขนสั้น|ขนาด : M,L,XL|ราคา : 130 บาท"
HP0457,"เสื้อแขนสั้น|ขนาด : M,L,XL|ราคา : 130 บาท"
HP0458,"เสื้อแขนสั้น|ขนาด : M,L,XL|ราคา : 130 บาท"
HP0459,"สเวตเตอร์ไหมพรม|ขนาด : M,L,XL|ราคา : 310 บาท"
HP0460,"สเวตเตอร์ไหมพรม|ขนาด : M,L,XL|ราคา : 310 บาท"
HP0461,"สเวตเตอร์ไหมพรม|ขนาด : M,L,XL|ราคา : 310 บาท"
HP0462,"สเวตเตอร์ไหมพรม|ขนาด : M,L,XL|ราคา : 310 บาท"
HP0463,"สเวตเตอร์ไหมพรม|ขนาด : M,L,XL|ราคา : 310 บาท"
HP0464,"สเวตเตอร์ไหมพรม|ขนาด : M,L,XL|ราคา : 310 บาท"
HP0465,"สเวตเตอร์ไหมพรม|ขนาด : M,L,XL|ราคา : 310 บาท"
HP0466,"สเวตเตอร์ไหมพรม|ขนาด : M,L,XL|ราคา : 310 บาท"
HP0467,"สเวตเตอร์ไหมพรม|ขนาด : M,L,XL|ราคา : 310 บาท"
HP0468,"สเวตเตอร์ไหมพรม|ขนาด : M,L,XL|ราคา : 310 บาท"
HP0469,"สเวตเตอร์ไหมพรม|ขนาด : M,L,XL|ราคา : 310 บาท"
HP0470,"สเวตเตอร์ไหมพรม|ขนาด : M,L,XL|ราคา : 310 บาท"
HP0471,"สเวตเตอร์ไหมพรม|ขนาด : M,L,XL|ราคา : 310 บาท"
HP0472,"สเวตเตอร์ไหมพรม|ขนาด : M,L,XL|ราคา : 310 บาท"
HP0473,"สเวตเตอร์ไหมพรม|ขนาด : M,L,XL|ราคา : 310 บาท"
HP0474,"สเวตเตอร์ไหมพรม|ขนาด : M,L,XL|ราคา : 310 บาท"
HP0475,"สเวตเตอร์ไหมพรม|ขนาด : M,L,XL|ราคา : 310 บาท"
HP0476,"สเวตเตอร์ไหมพรม|ขนาด : M,L,XL|ราคา : 310 บาท"
HP0477,"สเวตเตอร์ไหมพรม|ขนาด : M,L,XL|ราคา : 310 บาท"
HP0478,"สเวตเตอร์ไหมพรม|ขนาด : M,L,XL|ราคา : 310 บาท"
HP0479,"สเวตเตอร์ไหมพรม|ขนาด : M,L,XL|ราคา : 310 บาท"
HP0480,"สเวตเตอร์ไหมพรม|ขนาด : M,L,XL|ราคา : 310 บาท"
HP0481,"สเวตเตอร์ไหมพรม|ขนาด : M,L,XL|ราคา : 310 บาท"
HP0482,"เสื้อแจ็คเก็ต|ขนาด : M,L,XL,XXL|ราคา : 280 บาท"
HP0483,"เสื้อแจ็คเก็ต|ขนาด : M,L,XL,XXL|ราคา : 280 บาท"
HP0484,"เสื้อแจ็คเก็ต|ขนาด : M,L,XL,XXL|ราคา : 280 บาท"
HP0485,"เสื้อแจ็คเก็ต|ขนาด : M,L,XL,XXL|ราคา : 280 บาท"
HP0486,"เสื้อแจ็คเก็ต|ขนาด : M,L,XL,XXL|ราคา : 280 บาท"
HP0487,"เสื้อแจ็คเก็ต|ขนาด : M,L,XL,XXL|ราคา : 280 บาท"
HP0488,"เสื้อแจ็คเก็ต|ขนาด : M,L,XL,XXL|ราคา : 280 บาท"
HP0489,"เสื้อแจ็คเก็ต|ขนาด : M,L,XL,XXL|ราคา : 280 บาท"
HP0490,"เสื้อแจ็คเก็ต|ขนาด : M,L,XL,XXL|ราคา : 280 บาท"
HP0491,"เสื้อแจ็คเก็ต|ขนาด : M,L,XL,XXL|ราคา : 280 บาท"
HP0492,"เสื้อแจ็คเก็ต|ขนาด : M,L,XL,XXL|ราคา : 280 บาท"
HP0493,"เสื้อแจ็คเก็ต|ขนาด : M,L,XL,XXL|ราคา : 280 บาท"
HP0494,"เสื้อแจ็คเก็ต|ขนาด : M,L,XL,XXL|ราคา : 280 บาท"
HP0495,"เสื้อแจ็คเก็ต|ขนาด : M,L,XL,XXL|ราคา : 280 บาท"
HP0496,"เสื้อแจ็คเก็ต|ขนาด : M,L,XL,XXL|ราคา : 280 บาท"
HP0497,"เสื้อแจ็คเก็ต|ขนาด : M,L,XL,XXL|ราคา : 280 บาท"
HP0498,"เสื้อแจ็คเก็ต|ขนาด : M,L,XL,XXL|ราคา : 280 บาท"
HP0499,"เสื้อกล้าม|ขนาด : M,L,XL,XXL|ราคา : 280 บาท"
HP0500,"เสื้อกล้าม|ขนาด : M,L,XL,XXL|ราคา : 280 บาท"
HP0501,"เสื้อกล้าม|ขนาด : M,L,XL,XXL|ราคา : 280 บาท"
HP0502,"เสื้อกล้าม|ขนาด : M,L,XL,XXL|ราคา : 280 บาท"
HP0503,"เสื้อกล้าม|ขนาด : M,L,XL,XXL|ราคา : 280 บาท"
HP0504,"เสื้อกล้าม|ขนาด : M,L,XL,XXL|ราคา : 280 บาท"
HP0505,"เสื้อกล้าม|ขนาด : M,L,XL,XXL|ราคา : 280 บาท"
HP0506,"เสื้อกล้าม|ขนาด : M,L,XL,XXL|ราคา : 280 บาท"
HP0507,"เสื้อกล้าม|ขนาด : M,L,XL,XXL|ราคา : 280 บาท"
HP0508,"เสื้อกล้าม|ขนาด : M,L,XL,XXL|ราคา : 280 บาท"
HP0509,"เสื้อกล้าม|ขนาด : M,L,XL,XXL|ราคา : 280 บาท"
HP0510,"เสื้อกล้าม|ขนาด : M,L,XL,XXL|ราคา : 280 บาท"
HP0511,"เสื้อกล้าม|ขนาด : M,L,XL,XXL|ราคา : 280 บาท"
HP0512,"เสื้อกล้าม|ขนาด : M,L,XL,XXL|ราคา : 280 บาท"
HP0513,"เสื้อกล้าม|ขนาด : M,L,XL,XXL|ราคา : 280 บาท"
HP0514,"เสื้อกล้าม|ขนาด : M,L,XL,XXL|ราคา : 280 บาท"
HP0515,"เสื้อกล้าม|ขนาด : M,L,XL,XXL|ราคา : 280 บาท"
HP0516,"เสื้อยืด|ขนาด : M,L,XL,XXL|ราคา : 280 บาท"
HP0517,"เสื้อยืด|ขนาด : M,L,XL,XXL|ราคา : 280 บาท"
HP0518,"เสื้อยืด|ขนาด : M,L,XL,XXL|ราคา : 280 บาท"
HP0519,"เสื้อยืด|ขนาด : M,L,XL,XXL|ราคา : 280 บาท"
HP0520,"เสื้อยืด|ขนาด : M,L,XL,XXL|ราคา : 280 บาท"
HP0521,"เสื้อยืด|ขนาด : M,L,XL,XXL|ราคา : 280 บาท"
HP0522,"เสื้อยืด|ขนาด : M,L,XL,XXL|ราคา : 280 บาท"
HP0523,"เสื้อยืด|ขนาด : M,L,XL,XXL|ราคา : 280 บาท"
HP0524,"เสื้อยืด|ขนาด : M,L,XL,XXL|ราคา : 280 บาท"
HP0525,"เสื้อยืด|ขนาด : M,L,XL,XXL|ราคา : 280 บาท"
HP0526,"เสื้อยืด|ขนาด : M,L,XL,XXL|ราคา : 280 บาท"
HP0527,"เสื้อยืด|ขนาด : M,L,XL,XXL|ราคา : 280 บาท"
HP0528,"เสื้อยืด|ขนาด : M,L,XL,XXL|ราคา : 280 บาท"
HP0529,"|ราคา : 0 บาท"
HP0530,"|ราคา : 0 บาท"
HP0531,"|ราคา :  บาท"
HP0532,"|ราคา :  บาท"
HP0533,"|ราคา :  บาท"
HP0534,"|ราคา :  บาท"
HP0535,"|ราคา :  บาท"
HP0536,"|ราคา :  บาท"
HP0537,"|ราคา :  บาท"
HP0538,"|ราคา :  บาท"
HP0539,"|ราคา :  บาท"
HP0540,"|ราคา :  บาท"
HP0541,"|ราคา :  บาท"
HP0542,"|ราคา :  บาท"
HP0543,"|ราคา :  บาท"
HP0544,"|ราคา :  บาท"
HP0545,"|ราคา :  บาท"
HP0546,"|ราคา :  บาท"
HP0547,"|ราคา :  บาท"
HP0548,"|ราคา :  บาท"
HP0549,"|ราคา :  บาท"
HP0550,"|ราคา :  บาท"
HP0551,"|ราคา :  บาท"
HP0552,"|ราคา :  บาท"
HP0553,"|ราคา :  บาท"
HP0554,"|ราคา :  บาท"
HP0555,"|ราคา :  บาท"
HP0556,"|ราคา :  บาท"
HP0557,"|ราคา :  บาท"
HP0558,"|ราคา :  บาท"
HP0559,"|ราคา :  บาท"
HP0560,"|ราคา :  บาท"
HP0561,"|ราคา :  บาท"
HP0562,"|ราคา :  บาท"
HP0563,"|ราคา :  บาท"
HP0564,"|ราคา :  บาท"
HP0565,"|ราคา :  บาท"
HP0566,"|ราคา :  บาท"
HP0567,"|ราคา :  บาท"
HP0568,"|ราคา :  บาท"
HP0569,"|ราคา :  บาท"
HP0570,"|ราคา :  บาท"
HP0571,"|ราคา :  บาท"
HP0572,"|ราคา :  บาท"
HP0573,"|ราคา :  บาท"
HP0574,"|ราคา :  บาท"
HP0575,"|ราคา :  บาท"
HP0576,"|ราคา :  บาท"
HP0577,"|ราคา :  บาท"
HP0578,"|ราคา :  บาท"
HP0579,"|ราคา :  บาท"
HP0580,"|ราคา :  บาท"
HP0581,"|ราคา :  บาท"
HP0582,"|ราคา :  บาท"
HP0583,"|ราคา :  บาท"
HP0584,"|ราคา :  บาท"
HP0585,"|ราคา :  บาท"
HP0586,"|ราคา :  บาท"
HP0587,"|ราคา :  บาท"
HP0588,"|ราคา :  บาท"
HP0589,"|ราคา :  บาท"
HP0590,"|ราคา :  บาท"
HP0591,"|ราคา :  บาท"
HP0592,"|ราคา :  บาท"
HP0593,"|ราคา :  บาท"
HP0594,"|ราคา :  บาท"
HP0595,"|ราคา :  บาท"
HP0596,"|ราคา :  บาท"
HP0597,"|ราคา :  บาท"
HP0598,"|ราคา :  บาท"
HP0599,"|ราคา :  บาท"
HP0600,"|ราคา :  บาท"
HP0601,"|ราคา :  บาท"
HP0602,"|ราคา :  บาท"
HP0603,"|ราคา :  บาท"
HP0604,"|ราคา :  บาท"
HP0605,"|ราคา :  บาท"
HP0606,"|ราคา :  บาท"
HP0607,"|ราคา :  บาท"
HP0608,"|ราคา :  บาท"
HP0609,"|ราคา :  บาท"
HP0610,"|ราคา :  บาท"
HP0611,"|ราคา :  บาท"
HP0612,"|ราคา :  บาท"
HP0613,"|ราคา :  บาท"
HP0614,"|ราคา :  บาท"
HP0615,"|ราคา :  บาท"
HP0616,"|ราคา :  บาท"
HP0617,"|ราคา :  บาท"
HP0618,"|ราคา :  บาท"
HP0619,"|ราคา :  บาท"
HP0620,"|ราคา :  บาท"
HP0621,"|ราคา :  บาท"
HP0622,"|ราคา :  บาท"
HP0623,"|ราคา :  บาท"
HP0624,"|ราคา :  บาท"
HP0625,"|ราคา :  บาท"
HP0626,"|ราคา :  บาท"
HP0627,"|ราคา :  บาท"
HP0628,"|ราคา :  บาท"
HP0629,"|ราคา :  บาท"
HP0630,"|ราคา :  บาท"
HP0631,"|ราคา :  บาท"
HP0632,"|ราคา :  บาท"
HP0633,"|ราคา :  บาท"
HP0634,"|ราคา :  บาท"
HP0635,"|ราคา :  บาท"
HP0636,"|ราคา :  บาท"
HP0637,"|ราคา :  บาท"
HP0638,"|ราคา :  บาท"
HP0639,"|ราคา :  บาท"
HP0640,"|ราคา :  บาท"
HP0641,"|ราคา :  บาท"
HP0642,"|ราคา :  บาท"
HP0643,"|ราคา :  บาท"
HP0644,"|ราคา :  บาท"
HP0645,"|ราคา :  บาท"
HP0646,"|ราคา :  บาท"
HP0647,"|ราคา :  บาท"
HP0648,"|ราคา :  บาท"
HP0649,"|ราคา :  บาท"
HP0650,"|ราคา :  บาท"
HP0651,"|ราคา :  บาท"
HP0652,"|ราคา :  บาท"
HP0653,"|ราคา :  บาท"
HP0654,"|ราคา :  บาท"
HP0655,"|ราคา :  บาท"
HP0656,"|ราคา :  บาท"
HP0657,"|ราคา :  บาท"
HP0658,"|ราคา :  บาท"
HP0659,"|ราคา :  บาท"
HP0660,"|ราคา :  บาท"
HP0661,"|ราคา :  บาท"
HP0662,"|ราคา :  บาท"
HP0663,"|ราคา :  บาท"
HP0664,"|ราคา :  บาท"
HP0665,"|ราคา :  บาท"
HP0666,"|ราคา :  บาท"
HP0667,"|ราคา :  บาท"
HP0668,"|ราคา :  บาท"
HP0669,"|ราคา :  บาท"
HP0670,"|ราคา :  บาท"
HP0671,"|ราคา :  บาท"
HP0672,"|ราคา :  บาท"
HP0673,"|ราคา :  บาท"
HP0674,"|ราคา :  บาท"
HP0675,"|ราคา :  บาท"
HP0676,"|ราคา :  บาท"
HP0677,"|ราคา :  บาท"
HP0678,"|ราคา :  บาท"
HP0679,"|ราคา :  บาท"
HP0680,"|ราคา :  บาท"
HP0681,"|ราคา :  บาท"
HP0682,"|ราคา :  บาท"
HP0683,"|ราคา :  บาท"
HP0684,"|ราคา :  บาท"
HP0685,"|ราคา :  บาท"
HP0686,"|ราคา :  บาท"
HP0687,"|ราคา :  บาท"
HP0688,"|ราคา :  บาท"
HP0689,"|ราคา :  บาท"
HP0690,"|ราคา :  บาท"
HP0691,"|ราคา :  บาท"
HP0692,"|ราคา :  บาท"
HP0693,"|ราคา :  บาท"
HP0694,"|ราคา :  บาท"
HP0695,"|ราคา :  บาท"
HP0696,"|ราคา :  บาท"
HP0697,"|ราคา :  บาท"
HP0698,"|ราคา :  บาท"
HP0699,"|ราคา :  บาท"
HP0700,"|ราคา :  บาท"
HP0701,"|ราคา :  บาท"
HP0702,"|ราคา :  บาท"
HP0703,"|ราคา :  บาท"
HP0704,"|ราคา :  บาท"
HP0705,"|ราคา :  บาท"
HP0706,"|ราคา :  บาท"
HP0707,"|ราคา :  บาท"
HP0708,"|ราคา :  บาท"
HP0709,"|ราคา :  บาท"
HP0710,"|ราคา :  บาท"
HP0711,"|ราคา :  บาท"
HP0712,"|ราคา :  บาท"
HP0713,"|ราคา :  บาท"
HP0714,"|ราคา :  บาท"
HP0715,"|ราคา :  บาท"
HP0716,"|ราคา :  บาท"
HP0717,"|ราคา :  บาท"
HP0718,"|ราคา :  บาท"
HP0719,"|ราคา :  บาท"
HP0720,"|ราคา :  บาท"
HP0721,"|ราคา :  บาท"
HP0722,"|ราคา :  บาท"
HP0723,"|ราคา :  บาท"
HP0724,"|ราคา :  บาท"
HP0725,"|ราคา :  บาท"
HP0726,"|ราคา :  บาท"
HP0727,"|ราคา :  บาท"
HP0728,"|ราคา :  บาท"
HP0729,"|ราคา :  บาท"
HP0730,"|ราคา :  บาท"
HP0731,"|ราคา :  บาท"
HP0732,"|ราคา :  บาท"
HP0733,"|ราคา :  บาท"
HP0734,"|ราคา :  บาท"
HP0735,"|ราคา :  บาท"
HP0736,"|ราคา :  บาท"
HP0737,"|ราคา :  บาท"
HP0738,"|ราคา :  บาท"
HP0739,"|ราคา :  บาท"
HP0740,"|ราคา :  บาท"
HP0741,"|ราคา :  บาท"
HP0742,"|ราคา :  บาท"
HP0743,"|ราคา :  บาท"
HP0744,"|ราคา :  บาท"
HP0745,"|ราคา :  บาท"
HP0746,"|ราคา :  บาท"
HP0747,"|ราคา :  บาท"
HP0748,"|ราคา :  บาท"
HP0749,"|ราคา :  บาท"
HP0750,"|ราคา :  บาท"
HP0751,"|ราคา :  บาท"
HP0752,"|ราคา :  บาท"
HP0753,"|ราคา :  บาท"
HP0754,"|ราคา :  บาท"
HP0755,"|ราคา :  บาท"
HP0756,"|ราคา :  บาท"
HP0757,"|ราคา :  บาท"
HP0758,"|ราคา :  บาท"
HP0759,"|ราคา :  บาท"
HP0760,"|ราคา :  บาท"
HP0761,"|ราคา :  บาท"
HP0762,"|ราคา :  บาท"
HP0763,"|ราคา :  บาท"
HP0764,"|ราคา :  บาท"
HP0765,"|ราคา :  บาท"
HP0766,"|ราคา :  บาท"
HP0767,"|ราคา :  บาท"
HP0768,"|ราคา :  บาท"
HP0769,"|ราคา :  บาท"
HP0770,"|ราคา :  บาท"
HP0771,"|ราคา :  บาท"
HP0772,"|ราคา :  บาท"
HP0773,"|ราคา :  บาท"
HP0774,"|ราคา :  บาท"
HP0775,"|ราคา :  บาท"
HP0776,"|ราคา :  บาท"
HP0777,"|ราคา :  บาท"
HP0778,"|ราคา :  บาท"
HP0779,"|ราคา :  บาท"
HP0780,"|ราคา :  บาท"
HP0781,"|ราคา :  บาท"
HP0782,"|ราคา :  บาท"
HP0783,"|ราคา :  บาท"
HP0784,"|ราคา :  บาท"
HP0785,"|ราคา :  บาท"
HP0786,"|ราคา :  บาท"
HP0787,"|ราคา :  บาท"
HP0788,"|ราคา :  บาท"
HP0789,"|ราคา :  บาท"
HP0790,"|ราคา :  บาท"
HP0791,"|ราคา :  บาท"
HP0792,"|ราคา :  บาท"
HP0793,"|ราคา :  บาท"
HP0794,"|ราคา :  บาท"
HP0795,"|ราคา :  บาท"
HP0796,"|ราคา :  บาท"
HP0797,"|ราคา :  บาท"
HP0798,"|ราคา :  บาท"
HP0799,"|ราคา :  บาท"
HP0800,"|ราคา :  บาท"
HP0801,"|ราคา :  บาท"
HP0802,"|ราคา :  บาท"
HP0803,"|ราคา :  บาท"
HP0804,"|ราคา :  บาท"
HP0805,"|ราคา :  บาท"
HP0806,"|ราคา :  บาท"
HP0807,"|ราคา :  บาท"
HP0808,"|ราคา :  บาท"
HP0809,"|ราคา :  บาท"
HP0810,"|ราคา :  บาท"
HP0811,"|ราคา :  บาท"
HP0812,"|ราคา :  บาท"
HP0813,"|ราคา :  บาท"
HP0814,"|ราคา :  บาท"
HP0815,"|ราคา :  บาท"
HP0816,"|ราคา :  บาท"
HP0817,"|ราคา :  บาท"
HP0818,"|ราคา :  บาท"
HP0819,"|ราคา :  บาท"
HP0820,"|ราคา :  บาท"
HP0821,"|ราคา :  บาท"
HP0822,"|ราคา :  บาท"
HP0823,"|ราคา :  บาท"
HP0824,"|ราคา :  บาท"
HP0825,"|ราคา :  บาท"
HP0826,"|ราคา :  บาท"
HP0827,"|ราคา :  บาท"
HP0828,"|ราคา :  บาท"
HP0829,"|ราคา :  บาท"
HP0830,"|ราคา :  บาท"
HP0831,"|ราคา :  บาท"
HP0832,"|ราคา :  บาท"
HP0833,"|ราคา :  บาท"
HP0834,"|ราคา :  บาท"
HP0835,"|ราคา :  บาท"
HP0836,"|ราคา :  บาท"
HP0837,"|ราคา :  บาท"
HP0838,"|ราคา :  บาท"
HP0839,"|ราคา :  บาท"
HP0840,"|ราคา :  บาท"
HP0841,"|ราคา :  บาท"
HP0842,"|ราคา :  บาท"
HP0843,"|ราคา :  บาท"
HP0844,"|ราคา :  บาท"
HP0845,"|ราคา :  บาท"
HP0846,"|ราคา :  บาท"
HP0847,"|ราคา :  บาท"
HP0848,"|ราคา :  บาท"
HP0849,"|ราคา :  บาท"
HP0850,"|ราคา :  บาท"
HP0851,"|ราคา :  บาท"
HP0852,"|ราคา :  บาท"
HP0853,"|ราคา :  บาท"
HP0854,"|ราคา :  บาท"
HP0855,"|ราคา :  บาท"
HP0856,"|ราคา :  บาท"
HP0857,"|ราคา :  บาท"
HP0858,"|ราคา :  บาท"
HP0859,"|ราคา :  บาท"
HP0860,"|ราคา :  บาท"
HP0861,"|ราคา :  บาท"
HP0862,"|ราคา :  บาท"
HP0863,"|ราคา :  บาท"
HP0864,"|ราคา :  บาท"
HP0865,"|ราคา :  บาท"
HP0866,"|ราคา :  บาท"
HP0867,"|ราคา :  บาท"
HP0868,"|ราคา :  บาท"
HP0869,"|ราคา :  บาท"
HP0870,"|ราคา :  บาท"
HP0871,"|ราคา :  บาท"
HP0872,"|ราคา :  บาท"
HP0873,"|ราคา :  บาท"
HP0874,"|ราคา :  บาท"
HP0875,"|ราคา :  บาท"
HP0876,"|ราคา :  บาท"
HP0877,"|ราคา :  บาท"
HP0878,"|ราคา :  บาท"
HP0879,"|ราคา :  บาท"
HP0880,"|ราคา :  บาท"
HP0881,"|ราคา :  บาท"
HP0882,"|ราคา :  บาท"
HP0883,"|ราคา :  บาท"
HP0884,"|ราคา :  บาท"
HP0885,"|ราคา :  บาท"
HP0886,"|ราคา :  บาท"
HP0887,"|ราคา :  บาท"
HP0888,"|ราคา :  บาท"
HP0889,"|ราคา :  บาท"
HP0890,"|ราคา :  บาท"
HP0891,"|ราคา :  บาท"
HP0892,"|ราคา :  บาท"
HP0893,"|ราคา :  บาท"
HP0894,"|ราคา :  บาท"
HP0895,"|ราคา :  บาท"
HP0896,"|ราคา :  บาท"
HP0897,"|ราคา :  บาท"
HP0898,"|ราคา :  บาท"
HP0899,"|ราคา :  บาท"
HP0900,"|ราคา :  บาท"
HP0901,"|ราคา :  บาท"
HP0902,"|ราคา :  บาท"
HP0903,"|ราคา :  บาท"
HP0904,"|ราคา :  บาท"
HP0905,"|ราคา :  บาท"
HP0906,"|ราคา :  บาท"
HP0907,"|ราคา :  บาท"
HP0908,"|ราคา :  บาท"
HP0909,"|ราคา :  บาท"
HP0910,"|ราคา :  บาท"
HP0911,"|ราคา :  บาท"
HP0912,"|ราคา :  บาท"
HP0913,"|ราคา :  บาท"
HP0914,"|ราคา :  บาท"
HP0915,"|ราคา :  บาท"
HP0916,"|ราคา :  บาท"
HP0917,"|ราคา :  บาท"
HP0918,"|ราคา :  บาท"
HP0919,"|ราคา :  บาท"
HP0920,"|ราคา :  บาท"
HP0921,"|ราคา :  บาท"
HP0922,"|ราคา :  บาท"
HP0923,"|ราคา :  บาท"
HP0924,"|ราคา :  บาท"
HP0925,"|ราคา :  บาท"
HP0926,"|ราคา :  บาท"
HP0927,"|ราคา :  บาท"
HP0928,"|ราคา :  บาท"
HP0929,"|ราคา :  บาท"
HP0930,"|ราคา :  บาท"
HP0931,"|ราคา :  บาท"
HP0932,"|ราคา :  บาท"
HP0933,"|ราคา :  บาท"
HP0934,"|ราคา :  บาท"
HP0935,"|ราคา :  บาท"
HP0936,"|ราคา :  บาท"
HP0937,"|ราคา :  บาท"
HP0938,"|ราคา :  บาท"
HP0939,"|ราคา :  บาท"
HP0940,"|ราคา :  บาท"
HP0941,"|ราคา :  บาท"
HP0942,"|ราคา :  บาท"
HP0943,"|ราคา :  บาท"
HP0944,"|ราคา :  บาท"
HP0945,"|ราคา :  บาท"
HP0946,"|ราคา :  บาท"
HP0947,"|ราคา :  บาท"
HP0948,"|ราคา :  บาท"
HP0949,"|ราคา :  บาท"
HP0950,"|ราคา :  บาท"
HP0951,"|ราคา :  บาท"
HP0952,"|ราคา :  บาท"
HP0953,"|ราคา :  บาท"
HP0954,"|ราคา :  บาท"
HP0955,"|ราคา :  บาท"
HP0956,"|ราคา :  บาท"
HP0957,"|ราคา :  บาท"
HP0958,"|ราคา :  บาท"
HP0959,"|ราคา :  บาท"
HP0960,"|ราคา :  บาท"
HP0961,"|ราคา :  บาท"
HP0962,"|ราคา :  บาท"
HP0963,"|ราคา :  บาท"
HP0964,"|ราคา :  บาท"
