ZP0001,"ตุ๊กตาเรซิ่น mini animal series|ขนาด 3 cm|ราคา (ตัวละ) 60 บาท"
ZP0002,"ตุ๊กตาเรซิ่น mini animal series|ขนาด 3 cm|ราคา (ตัวละ) 60 บาท"
ZP0003,"ตุ๊กตาเรซิ่น mini animal series|ขนาด 3 cm|ราคา (ตัวละ) 60 บาท"
ZP0004,"ตุ๊กตาเรซิ่น mini animal series|ขนาด 3 cm|ราคา (ตัวละ) 60 บาท"
ZP0005,"ตุ๊กตาเรซิ่น mini animal series|ขนาด 3 cm|ราคา (ตัวละ) 60 บาท"
ZP0006,"ตุ๊กตาเรซิ่น mini animal series|ขนาด 3 cm|ราคา (ตัวละ) 60 บาท"
ZP0007,"ตุ๊กตาเรซิ่น animal series|ขนาด 4.5 cm|ราคา (ตัวละ) 70 บาท"
ZP0008,"ตุ๊กตาเรซิ่น animal series|ขนาด 4.5 cm|ราคา (ตัวละ) 70 บาท"
ZP0009,"ตุ๊กตาเรซิ่น animal series|ขนาด 4.5 cm|ราคา (ตัวละ) 70 บาท"
ZP0010,"ตุ๊กตาเรซิ่น animal series|ขนาด 4.5 cm|ราคา (ตัวละ) 70 บาท"
ZP0011,"ตุ๊กตาเรซิ่น animal series|ขนาด 4.5 cm|ราคา (ตัวละ) 70 บาท"
ZP0012,"ตุ๊กตาเรซิ่น animal series|ขนาด 4.5 cm|ราคา (ตัวละ) 70 บาท"
ZP0013,"ตุ๊กตาเรซิ่น animal series|ขนาด 4.5 cm|ราคา (ตัวละ) 70 บาท"
ZP0014,"ตุ๊กตาเรซิ่น animal series|ขนาด 4.5 cm|ราคา (ตัวละ) 70 บาท"
ZP0015,"ตุ๊กตาเรซิ่น animal series|ขนาด 4.5 cm|ราคา (ตัวละ) 70 บาท"
ZP0016,"ตุ๊กตาเรซิ่น animal series|ขนาด 4.5 cm|ราคา (ตัวละ) 70 บาท"
ZP0017,"ตุ๊กตาเรซิ่น animal series|ขนาด 4.5 cm|ราคา (ตัวละ) 70 บาท"
ZP0018,"ตุ๊กตาเรซิ่น animal series|ขนาด 4.5 cm|ราคา (ตัวละ) 70 บาท"
ZP0019,"ตุ๊กตาเรซิ่น animal series|ขนาด 4.5 cm|ราคา (ตัวละ) 70 บาท"
ZP0020,"ตุ๊กตาเรซิ่น animal series|ขนาด 4.5 cm|ราคา (ตัวละ) 70 บาท"
ZP0021,"ตุ๊กตาเรซิ่น animal series|ขนาด 4.5 cm|ราคา (ตัวละ) 70 บาท"
ZP0022,"โหลเซรามิก แบบมีที่แขวน มีให้เลือก 4 สี|ขนาด รวมที่แขวน 8cm|ราคา 120 บาท"
ZP0023,"กระถางต้นไม้เซรามิก แบบที่ 6|ขนาด 8*8.5*15cm|ราคา 100 บาท"
ZP0024,"กระถางต้นไม้เซรามิก แบบที่ 2|ขนาด 7.5*8*10cm|ราคา 100 บาท"
ZP0025,"กระถางต้นไม้เซรามิก แบบที่ 3|ขนาด 7*7.5*16cm|ราคา 100 บาท"
ZP0026,"กระถางต้นไม้เซรามิก แบบที่ 4|ขนาด 7*7*18cm|ราคา 100 บาท"
ZP0027,"กระถางต้นไม้เซรามิก แบบที่ 5|ขนาด 8.5*8*12cm|ราคา 100 บาท"
ZP0028,"กระถางต้นไม้เซรามิก แบบที่ 1|ขนาด 4.5*9*14cm|ราคา 100 บาท"
ZP0029,"ตุ๊กตาเรซิ่น animal series|ขนาด 4.5 cm|ราคา (ตัวละ) 70 บาท"
ZP0030,"ตุ๊กตาเรซิ่น animal series|ขนาด 4.5 cm|ราคา (ตัวละ) 70 บาท"
ZP0031,"ตุ๊กตาเรซิ่น three animal series|ขนาด 4.5 cm|ราคา (เซ็ตละ) 200 บาท (1 เซ็ตมี 3 ตัว ตามรูป)"
ZP0032,"ตุ๊กตาเรซิ่น three animal series|ขนาด 4.5 cm|ราคา (เซ็ตละ) 200 บาท (1 เซ็ตมี 3 ตัว ตามรูป)"
ZP0033,"ตุ๊กตาเรซิ่น three animal series|ขนาด 4.5 cm|ราคา (เซ็ตละ) 200 บาท (1 เซ็ตมี 3 ตัว ตามรูป)"
ZP0034,"ตุ๊กตาเรซิ่น three animal series|ขนาด 4.5 cm|ราคา (เซ็ตละ) 200 บาท (1 เซ็ตมี 3 ตัว ตามรูป)"
ZP0035,"ที่ใส่ของเซรามิก ลายนกฮูก|ขนาด 5 cm|ราคา 70 บาท"
ZP0036,"โหลเแก้วทรงกลม สายที่แขวนยาว|ขนาด ตัวโหล 6*7.5cm รวมที่แขวน 18cm|ราคา 120 บาท"
ZP0037,"ขวดเซรามิก ฝาจุกไม้ก๊อก มีให้เลือก 3 ลาย|ขนาด 14*5.5 cm |ราคา (ใบละ) 180 บาท"
ZP0038,"ขวดแก้ว จุกไม้ก๊อก มี 2 ลายให้เลือก|ขนาด 14*7cm|ราคา 100 บาท"
ZP0039,"แก้วน้ำมีฝาปิด มีที่จับ|ขนาด 13*6cm จุน้ำได้ 470ml|ราคา 180 บาท"
ZP0040,"ขวดน้ำพลาสติกพกพาสะดวก มีฝาปิด |มีให้เลือก 4 ลาย|ขนาด 19*6cm จุน้ำได้ 430ml|ราคา (ใบละ) 130 บาท"
ZP0041,"ช้อนส้อมเมลามีน|ขนาด 15cm|ราคา (คู่ละ) 200 บาท"
ZP0042,"ช้อนส้อมเมลามีน|ขนาด 15cm|ราคา (คู่ละ) 200 บาท"
ZP0043,"ช้อนส้อมเมลามีน|ขนาด 15cm|ราคา (คู่ละ) 200 บาท"
ZP0044,"ช้อนส้อมเมลามีน|ขนาด 15cm|ราคา (คู่ละ) 200 บาท"
ZP0045,"ช้อนส้อมเมลามีน|ขนาด 15cm|ราคา (คู่ละ) 200 บาท"
ZP0046,"ตุ๊กตาเรซิ่น three animal series|ขนาด 4.5 cm|ราคา (เซ็ตละ) 200 บาท (1 เซ็ตมี 3 ตัว ตามรูป)"
ZP0047,"ตุ๊กตาเรซิ่น three animal series|ขนาด 4.5 cm|ราคา (เซ็ตละ) 200 บาท (1 เซ็ตมี 3 ตัว ตามรูป)"
ZP0048,"ตุ๊กตาเรซิ่น three animal series|ขนาด 4.5 cm|ราคา (เซ็ตละ) 200 บาท (1 เซ็ตมี 3 ตัว ตามรูป)"
ZP0049,"ตุ๊กตาเรซิ่น three animal series|ขนาด 4.5 cm|ราคา (เซ็ตละ) 200 บาท (1 เซ็ตมี 3 ตัว ตามรูป)"
ZP0050,"โหลแก้ว จุกไม้ก๊อก ใบเล็ก|ขนาด 7.2*5.2cm |ราคา 80 บาท"
ZP0051,"โหลแก้ว ทรงตะเกียง แบบมีที่แขวน|มีให้เลือก 3 สี|ขนาด 7cm9.5cm10.5cm|ราคา 130 บาท"
ZP0052,"โหลแก้ว ทรงตะเกียง แบบมีที่แขวน|มีให้เลือก 3 สี|ขนาด 7cm9.5cm10.5cm|ราคา 130 บาท"
ZP0053,"โหลแก้ว ทรงตะเกียง แบบมีที่แขวน|มีให้เลือก 3 สี|ขนาด 7cm9.5cm10.5cm|ราคา 130 บาท"
ZP0054,"โหลแก้ว ทรงกลม สำหรับจัดสวนขวดโหล|ขนาด|เล็ก 5.5cm 120 บาท|กลาง 8cm 140 บาท"
ZP0055,"โหลแก้ว ลายปลาวาฬ|ขนาด 9.8*4*4.5cm |ราคา 50 บาท"
ZP0056,"กล่องไม้เก็บของ|ขนาด 22*13.5*9cm |ราคา 320 บาท"
ZP0057,"กล่องไม้เก็บของ|ขนาด 22*13.5*9cm |ราคา 320 บาท"
ZP0058,"กล่องไม้เก็บของ|ขนาด 22*13.5*9cm |ราคา 320 บาท"
ZP0059,"กล่องไม้เก็บของ|ขนาด 22*13.5*9cm |ราคา 320 บาท"
ZP0060,"กล่องไม้เก็บของ มีดิสเพลย์และช่องแยก|ขนาด 23.5*23.5*7.2cm แต่ละช่องกว้าง 5.5cm|ราคา 300 บาท"
ZP0062,"กล่องไม้เก็บของ มีดิสเพลย์และช่องแยก|ขนาด 23.5*23.5*7.2cm แต่ละช่องกว้าง 5.5cm|ราคา 300 บาท"
ZP0062,"กล่องไม้เก็บของ มีดิสเพลย์และช่องแยก|ขนาด 23.5*23.5*7.2cm แต่ละช่องกว้าง 5.5cm|ราคา 300 บาท"
ZP0063,"กล่องไม้เก็บของ มีดิสเพลย์และช่องแยก|ขนาด 23.5*23.5*7.2cm แต่ละช่องกว้าง 5.5cm|ราคา 300 บาท"
ZP0064,"กล่องไม้เก็บของ มีดิสเพลย์และช่องแยก|ขนาด 23.5*23.5*7.2cm แต่ละช่องกว้าง 5.5cm|ราคา 300 บาท"
ZP0065,"กล่องไม้เก็บของ มีดิสเพลย์และช่องแยก|ขนาด 23.5*23.5*7.2cm แต่ละช่องกว้าง 5.5cm|ราคา 300 บาท"
ZP0066,"กล่องไม้เก็บของ มีดิสเพลย์และช่องแยก|ขนาด 23.5*23.5*7.2cm แต่ละช่องกว้าง 5.5cm|ราคา 330 บาท"
ZP0068,"กล่องไม้เก็บของ มีดิสเพลย์และช่องแยก|ขนาด 23.5*23.5*7.2cm แต่ละช่องกว้าง 5.5cm|ราคา 330 บาท"
ZP0069,"กล่องไม้เก็บของ มีดิสเพลย์และช่องแยก|ขนาด 23.5*23.5*7.2cm แต่ละช่องกว้าง 5.5cm|ราคา 330 บาท"
ZP0070,"กล่องไม้เก็บของ มีดิสเพลย์และช่องแยก|ขนาด 23.5*23.5*7.2cm แต่ละช่องกว้าง 5.5cm|ราคา 330 บาท"
ZP0070,"กล่องไม้เก็บของ มีดิสเพลย์และช่องแยก|ขนาด 23.5*23.5*7.2cm แต่ละช่องกว้าง 5.5cm|ราคา 330 บาท"
ZP0071,"กล่องไม้เก็บของ มีดิสเพลย์และช่องแยก ขนาดใหญ่|ขนาด 26.5*16.8*6.8cm แต่ละช่องกว้าง 5.5cm|ราคา 400 บาท"
ZP0072,"กระถางต้นไม้ทรงวงรี ไซส์เล็ก|ขนาด 22*9cm|ราคา 270 บาท"
ZP0073,"กระถางต้นไม้ทรงสีเหลี่ยม ไซส์เล็ก|ขนาด 19x19cm|ราคา 270 บาท"
ZP0074,"กระถางต้นไม้ทรงวงรี ไซส์ใหญ่|ขนาด 26x16x10cm|ราคา 270 บาท"
ZP0075,"กระถางต้นไม้ทรงสีเหลี่ยม ไซส์ใหญ่|ขนาด 27x14x10cm|ราคา 270 บาท"
ZP0076,"เซตกระถางต้นไม้ สีกาแฟ|ขนาด|กระถางใหญ่ 12x8x10|กระถางกลาง 12x9x7|กระถางเล็ก 10x8x5|ราคา (เซ็ต 3 ชิ้น) 360 บาท"
ZP0077,"เซตกระถางต้นไม้ สีขาว|ขนาด|กระถางใหญ่ 12x8x10|กระถางกลาง 12x9x7|กระถางเล็ก 10x8x5|ราคา (เซ็ต 3 ชิ้น) 360 บาท"
ZP0078,"โหลแก้ว พร้อมที่รองไหมพรมถักโครเชต์|ขายเป็นคู่|ขนาดโหลใหญ่ 16*6*8cm|ขนาดโหลเล็ก 12.5*5*6.5cm|ราคา (คู่ละ) 340 บาท"
ZP0079,"หุ่นตั้งโชว์ กวางขนสักหลาด แบบที่ 1|ขนาด 16.5*15cm |ราคา 350"
ZP0080,"หุ่นตั้งโชว์ กวางขนสักหลาด แบบที่ 2|ขนาด 15*11.5cm |ราคา 350"
ZP0081,"สร้อยต้นไม้ 6 ลายแบบสุ่ม|ขนาด 5*3cm สายสร้อยยาว 76cm |ราคา (เส้นละ) 170 บาท"
ZP0082,"ตะเกียงอโรม่า ลายต้นสน|ขนาด 7*7*19cm |ราคา 270"
ZP0083,"ตะเกียงอโรม่า ลายกวาง|ขนาด 7*7*19cm |ราคา 270"
ZP0084,"ตะเกียงอโรม่า ลายเทวดา|ขนาด 7*7*19cm |ราคา 270"
ZP0085,"กระถางปลูกต้นไม้ขนาดเล็ก ลายน้องเม่น|ขนาด 9-12cm |ราคา 270 บาท"
ZP0086,"กระถางปลูกต้นไม้ขนาดเล็ก ลายน้องแพนด้า|ขนาด 9-12cm |ราคา 270 บาท"
ZP0087,"กระถางปลูกต้นไม้ขนาดเล็ก ลายน้องหมี|ขนาด 9-12cm |ราคา 270 บาท"
ZP0088,"กระถางปลูกต้นไม้ขนาดเล็ก ลายน้องแพนกวิน|ขนาด 9-12cm |ราคา 270 บาท"
ZP0089,"กระถางปลูกต้นไม้ขนาดเล็ก ลายน้องหมู|ขนาด 9-12cm |ราคา 270 บาท"
ZP0090,"กระถางปลูกต้นไม้ขนาดเล็ก ลายน้องหมีขาว|ขนาด 9-12cm |ราคา 270 บาท"
ZP0091,"กระถางปลูกต้นไม้ขนาดเล็ก ลายน้องช้าง|ขนาด 9-12cm |ราคา 270 บาท"
ZP0092,"กระถางปลูกต้นไม้ขนาดเล็ก ลายน้องแมว|ขนาด 9-12cm |ราคา 270 บาท"
ZP0093,"กระถางปลูกต้นไม้ขนาดเล็ก ลายน้องหมา|ขนาด 9-12cm |ราคา 270 บาท"
ZP0094,"กระถางปลูกต้นไม้ขนาดเล็ก ลายน้องกระต่าย|ขนาด 9-12cm |ราคา 270 บาท"
ZP0095,"กระถางปลูกต้นไม้ขนาดเล็ก ลายน้องสิงโต|ขนาด 9-12cm |ราคา 270 บาท"
ZP0096,"กระถางปลูกต้นไม้ขนาดเล็ก ลายน้องกบ|ขนาด 9-12cm |ราคา 270 บาท"
ZP0097,"บรรดาสัตว์เซรามิกเกาะแก้ว/กระถางต้นไม้|(1 เซ็ต มีสัตว์เกาะ 3 ตัว ตามรูปของแต่ละเซ็ต)|ขนาด 7*3cm|ราคา(เซ็ต) 250 บาท "
ZP0098,"บรรดาสัตว์เซรามิกเกาะแก้ว/กระถางต้นไม้|(1 เซ็ต มีสัตว์เกาะ 3 ตัว ตามรูปของแต่ละเซ็ต)|ขนาด 7*3cm|ราคา(เซ็ต) 250 บาท "
ZP0099,"บรรดาสัตว์เซรามิกเกาะแก้ว/กระถางต้นไม้|(1 เซ็ต มีสัตว์เกาะ 3 ตัว ตามรูปของแต่ละเซ็ต)|ขนาด 7*3cm|ราคา(เซ็ต) 250 บาท "
ZP0100,"บรรดาสัตว์เซรามิกเกาะแก้ว/กระถางต้นไม้|(1 เซ็ต มีสัตว์เกาะ 3 ตัว ตามรูปของแต่ละเซ็ต)|ขนาด 7*3cm|ราคา(เซ็ต) 250 บาท "
ZP0101,"แก้วลายนิตติ้ง สีแดง|ขนาด 11*8.2cm จุน้ำได้ 360ml|ราคา 200 บาท"
ZP0102,"แก้วลายนิตติ้ง สีเขียวอ่อน|ขนาด 11*8.2cm จุน้ำได้ 360ml|ราคา 200 บาท"
ZP0103,"แก้วลายนิตติ้ง สีเขียว|ขนาด 11*8.2cm จุน้ำได้ 360ml|ราคา 200 บาท"
ZP0104,"แก้วลายนิตติ้ง สีส้ม|ขนาด 11*8.2cm จุน้ำได้ 360ml|ราคา 200 บาท"
ZP0105,"แก้วลายนิตติ้ง สีน้ำเงิน|ขนาด 11*8.2cm จุน้ำได้ 360ml|ราคา 200 บาท"
ZP0106,"แก้วลายนิตติ้ง สีม่วง|ขนาด 11*8.2cm จุน้ำได้ 360ml|ราคา 200 บาท"
ZP0107,"แก้วลายนิตติ้ง สีครีม|ขนาด 11*8.2cm จุน้ำได้ 360ml|ราคา 200 บาท"
ZP0108,"แก้วลายนิตติ้ง สียีนส์|ขนาด 11*8.2cm จุน้ำได้ 360ml|ราคา 200 บาท"
ZP0109,"ช้อนส้อมไม้|ช้อนไม้ 12.3*2.7 cm|ส้อมไม้ 12.3*2 cm|ราคา 130 บาท"
ZP0110,"แผ่นรองไม้|ขนาด 10*10 cm|ราคา 130 บาท"
ZP0111,"ทัพพีไม้|ขนาด 20*7 cm|ราคา 270 บาท"
ZP0112,"ที่วางตะเกียบเซรามิก|ขนาด 5*3.5*3 cm|ราคา 70 บาท"
ZP0113,"ถ้วยน้ำจิ้มเซรามิก|ขนาด 16.6*7.2 cm|ราคา 310 บาท"
ZP0114,"อุปกรณ์ทานข้าวไม้|ขนาด 3*11 cm|ราคา 100 บาท"
ZP0115,"อุปกรณ์ทานข้าวไม้|ขนาด 3*11 cm|ราคา 100 บาท"
ZP0116,"อุปกรณ์ทานข้าวไม้|ขนาด 3*11 cm|ราคา 100 บาท"
ZP0117,"อุปกรณ์ทานข้าวแสตนเลส|ขนาด 12*3 cm|ราคา 130 บาท"
ZP0118,"อุปกรณ์ทานข้าวไม้|ขนาด 8*3.5 cm|ราคา 70 บาท"
ZP0119,"ที่วางตะเกียบไม้|ขนาด 2.5*5*1 cm|ราคา 70 บาท"
ZP0120,"อุปกรณ์ทานข้าวไม้|ขนาด 23.5*4 cm|ราคา 130 บาท"
ZP0121,"ถ้วยเซรามิก|ขนาด 13*4.2 cm|ราคา 190 บาท"
ZP0122,"ช้อนเซรามิก|ขนาด 11.8*3.5 cm|ราคา 120 บาท"
ZP0123,"อุปกรณ์ครัวแสตนเลสด้ามไม้|ซ้ายบน 13*4 cm 140 บาท|ขวาบน 14.5*2.3 cm 140 บาท|ซ้ายล่าง 19*5.2 cm 140 บาท|ขวาล่าง 14.5*6 cm 140 บาท"
ZP0124,"อุปกรณ์ครัวแสตนเลสด้ามไม้|ซ้ายบน 18*8.8 cm 170 บาท|ขวาบน 10*4 cm 140 บาท|ซ้ายล่าง 5*1 cm 90 บาท|ขวาล่าง 14.5*6 cm 130 บาท"
ZP0125,"อุปกรณ์ครัวแสตนเลสด้ามไม้|ซ้ายบน 18.5*5.8 cm|ขวาบน 18.5*4 cm|ซ้ายล่าง 18*5.5 cm|ขวาล่าง 14*7.2 cm|ราคา 170 บาท"
ZP0126,"กระถางเซรามิก มีน้องแมวเกาะ|ขนาด 11*11*7cm|ราคา 170 บาท"
ZP0127,"กระถางเซรามิก มีน้องกระต่ายเกาะ|ขนาด 11*11*8cm|ราคา 170 บาท"
ZP0128,"กระถางเซรามิก มีน้องม้าเกาะ|ขนาด 11*11*8.5cm|ราคา 170 บาท"
ZP0129,"กระถางเซรามิก มีน้องยีราฟเกาะ|ขนาด 11*11*12cm|ราคา 170 บาท"
ZP0130,"ลังกระดาษเก็บของขนาดใหญ่|ขนาด 27.5*18*16cm |ราคา 100 บาท"
ZP0131,"ลังกระดาษเก็บของขนาดใหญ่|ขนาด 27.5*18*16cm |ราคา 100 บาท"
ZP0132,"ลังกระดาษเก็บของขนาดใหญ่|ขนาด 27.5*18*16cm |ราคา 100 บาท"
ZP0133,"ลังกระดาษเก็บของขนาดใหญ่|ขนาด 27.5*18*16cm |ราคา 100 บาท"
ZP0134,"ลังกระดาษเก็บของขนาดใหญ่|ขนาด 27.5*18*16cm |ราคา 100 บาท"
ZP0135,"ตะกร้าผ้าดิบพร้อมไม้แขวน|ขนาด (ตะกร้า) 20*17cm|ราคา 120 บาท"
ZP0136,"ตะกร้าผ้าดิบพร้อมไม้แขวน|ขนาด (ตะกร้า) 20*17cm|ราคา 120 บาท"
ZP0137,"ตะกร้าผ้าดิบพร้อมไม้แขวน|ขนาด (ตะกร้า) 20*17cm|ราคา 120 บาท"
ZP0138,"ตะกร้าผ้าดิบพร้อมไม้แขวน|ขนาด (ตะกร้า) 20*17cm|ราคา 120 บาท"
ZP0139,"ตะกร้าผ้าดิบพร้อมไม้แขวน|ขนาด (ตะกร้า) 20*17cm|ราคา 120 บาท"
ZP0140,"ตะกร้าผ้าดิบพร้อมไม้แขวน|ขนาด (ตะกร้า) 20*17cm|ราคา 120 บาท"
ZP0141,"ตะกร้าผ้าดิบพร้อมไม้แขวน|ขนาด (ตะกร้า) 20*17cm|ราคา 120 บาท"
ZP0142,"กล่องเก็บรองเท้าพลาสติก|ขนาด ใหญ่ 34*22*13cm (สีฟ้า ม่วง ขาว) 130 บาท|ขนาด กลาง 31*20*11cm (สีขาว ม่วง ฟ้า เหลือง เขียว ชมพู ส้ม) 100 บาท"
ZP0143,"จานเซรามิกลายแมว|ขนาด |กลาง 18cm ราคา 230 บาท|ใหญ่ 20.5cm ราคา 270 บาท"
ZP0144,"แก้วใสพิมพ์ลายทรงธรรมดาคละลาย|ขนาด 6*8.5cm จุน้ำได้ 260ml|ราคา 140 บาท"
ZP0145,"แก้วใสพิมพ์ลายทรงสูงคละลาย|ขนาด 6*13.5cm จุน้ำได้ 400ml|ราคา 170 บาท"
ZP0146,"ช้อนเซรามิกชงชาคละสี|ขนาด 12cm |ราคา (คันละ) 70 บาท"
ZP0147,"ปากกาหมึกดำลายสัตว์นานาชนิด|ขนาด หัวปากกา 0.5mm|ราคา (แท่งละ) 210 บาท"
ZP0148,"ปากกาหมึกดำลายสัตว์นานาชนิด|ขนาด หัวปากกา 0.5mm|ราคา (แท่งละ) 210 บาท"
ZP0149,"ปากกาหมึกดำลายสัตว์นานาชนิด|ขนาด หัวปากกา 0.5mm|ราคา (แท่งละ) 210 บาท"
ZP0150,"ปากกาหมึกดำลายสัตว์นานาชนิด|ขนาด หัวปากกา 0.5mm|ราคา (แท่งละ) 210 บาท"
ZP0151,"ปากกาหมึกดำลายสัตว์นานาชนิด|ขนาด หัวปากกา 0.5mm|ราคา (แท่งละ) 210 บาท"
ZP0152,"ปากกาหมึกดำลายสัตว์นานาชนิด|ขนาด หัวปากกา 0.5mm|ราคา (แท่งละ) 210 บาท"
ZP0153,"ปากกาหมึกดำลายสัตว์นานาชนิด|ขนาด หัวปากกา 0.5mm|ราคา (แท่งละ) 210 บาท"
ZP0154,"ช้อนไม้ลายสัตว์นานาชนิด|ขนาด 12*3cm|ราคา (คันละ) 85 บาท"
ZP0155,"ถ้วยเซรามิกลายสัตว์นานาชนิด|ขนาด 11*5.5*4cm จุได้ 260ml|ราคา (ใบละ) 400 บาท"
ZP0156,"ถ้วยเซรามิกลายสัตว์นานาชนิด|ขนาด 11*5.5*4cm จุได้ 260ml|ราคา (ใบละ) 400 บาท"
ZP0157,"ถ้วยเซรามิกลายสัตว์นานาชนิด|ขนาด 11*5.5*4cm จุได้ 260ml|ราคา (ใบละ) 400 บาท"
ZP0158,"ถ้วยเซรามิกลายสัตว์นานาชนิด|ขนาด 11*5.5*4cm จุได้ 260ml|ราคา (ใบละ) 400 บาท"
ZP0159,"ถ้วยเซรามิกลายสัตว์นานาชนิด|ขนาด 11*5.5*4cm จุได้ 260ml|ราคา (ใบละ) 400 บาท"
ZP0160,"ต้นไม้จิ๋วพร้อมกระถาง ประดับโต๊ะเพื่อพักผ่อนสายตา|ขนาด 5.5cm*4cm|ราคา (ต้นละ) 140 บาท"
ZP0161,"ตุ๊กตาเรซิ่น easter series|ขนาด 5cm|ราคา 80 บาท"
ZP0162,"ตุ๊กตาเรซิ่น easter series|ขนาด 5cm|ราคา 80 บาท"
ZP0163,"ตุ๊กตาเรซิ่น easter series|ขนาด 5cm|ราคา 80 บาท"
ZP0164,"ตุ๊กตาเรซิ่น easter series|ขนาด 5cm|ราคา 80 บาท"
ZP0165,"ตุ๊กตาเรซิ่น easter series|ขนาด 5cm|ราคา 80 บาท"
ZP0166,"ตุ๊กตาเรซิ่น easter series|ขนาด 5cm|ราคา 80 บาท"
ZP0167,"ตุ๊กตาเรซิ่น easter series|ขนาด 5cm|ราคา 80 บาท"
ZP0168,"ตุ๊กตาเรซิ่น easter series|ขนาด 5cm|ราคา 80 บาท"
ZP0169,"ตุ๊กตาเรซิ่น easter series|ขนาด 5cm|ราคา 80 บาท"
ZP0170,"ตุ๊กตาเรซิ่น easter series|ขนาด 5cm|ราคา 80 บาท"
ZP0171,"ตุ๊กตาเรซิ่น easter series|ขนาด 5cm|ราคา 80 บาท"
ZP0172,"ตุ๊กตาเรซิ่น easter series|ขนาด 5cm|ราคา 80 บาท"
ZP0173,"จานเซรามิกลายใบไม้|ขนาด เส้นผ่านศูนย์กลาง 20.5cm|ราคา 400 บาท"
ZP0174,"จานเซรามิกลายหมี|ขนาด เส้นผ่านศูนย์กลาง 20.5cm|ราคา 420 บาท"
ZP0175,"จานเซรามิกลายลิงบาบูน|ขนาด เส้นผ่านศูนย์กลาง 20.5cm|ราคา 420 บาท"
ZP0176,"จานเซรามิกลายปลา ใบกลาง|ขนาด เส้นผ่านศูนย์กลาง 20.5cm|ราคา 240 บาท"
ZP0177,"จานเซรามิกลายปลา ใบใหญ่|ขนาด เส้นผ่านศูนย์กลาง 27cm|ราคา 370 บาท"
ZP0178,"แก้วลายเพนกวิ้น|ขนาด 11*8cm|จุน้ำได้ 500ml|ราคา 310 บาท"
ZP0179,"แก้วลายโพลาร์แบร์|ขนาด 8.5*8cm|จุน้ำได้ 350ml|ราคา 280 บาท"
ZP0180,"จานใบใหญ่|ขนาด 16.5*2.5cm|ราคา 210 บาท"
ZP0181,"จานใบใหญ่|ขนาด 16.5*2.5cm|ราคา 210 บาท"
ZP0182,"จานใบใหญ่|ขนาด 16.5*2.5cm|ราคา 210 บาท"
ZP0183,"จานใบเล็ก|ขนาด 9.5*2cm|ราคา 90 บาท"
ZP0184,"จานใบเล็ก|ขนาด 9.5*2cm|ราคา 90 บาท"
ZP0185,"จานใบเล็ก|ขนาด 9.5*2cm|ราคา 90 บาท"
ZP0186,"จานใบเล็ก|ขนาด 9.5*2cm|ราคา 90 บาท"
ZP0187,"ตัวหนีบเอกสารเรซิ่น|ขนาด 6*2.5*5.5cm|ราคา 130 บาท"
ZP0188,"ตัวหนีบเอกสารเรซิ่น|ขนาด 6*2.5*5.5cm|ราคา 130 บาท"
ZP0189,"ตัวหนีบเอกสารเรซิ่น|ขนาด 6*2.5*5.5cm|ราคา 130 บาท"
ZP0190,"ตัวหนีบเอกสารเรซิ่น|ขนาด 6*2.5*5.5cm|ราคา 130 บาท"
ZP0191,"ตัวหนีบเอกสารเรซิ่น|ขนาด 6*2.5*5.5cm|ราคา 130 บาท"
ZP0192,"โหลแก้ว ทรงหยดน้ำ สำหรับจัดสวนขวดโหล|ขนาด 9*15cm|เส้นผ่านศูนย์กลาง 10cm|ราคา 170 บาท"
ZP0193,"ตุ๊กตาเรซิ่นบนขอนไม้|ประดับกำแพง|ขนาด ขอนไม้กว้าง 10cm|ตุ๊กตาเรซิ่นสูง 3-4cm|ราคา 270 บาท"
ZP0194,"ตุ๊กตาเรซิ่นบนขอนไม้|ประดับกำแพง|ขนาด ขอนไม้กว้าง 10cm|ตุ๊กตาเรซิ่นสูง 3-4cm|ราคา 270 บาท"
ZP0195,"ตุ๊กตาเรซิ่นบนขอนไม้|ประดับกำแพง|ขนาด ขอนไม้กว้าง 10cm|ตุ๊กตาเรซิ่นสูง 3-4cm|ราคา 270 บาท"
ZP0196,"ตุ๊กตาเรซิ่นบนขอนไม้|ประดับกำแพง|ขนาด ขอนไม้กว้าง 10cm|ตุ๊กตาเรซิ่นสูง 3-4cm|ราคา 270 บาท"
ZP0197,"ตุ๊กตาเรซิ่นบนขอนไม้|ประดับกำแพง|ขนาด ขอนไม้กว้าง 10cm|ตุ๊กตาเรซิ่นสูง 3-4cm|ราคา 270 บาท"
ZP0198,"ตุ๊กตาเรซิ่นบนขอนไม้|ประดับกำแพง|ขนาด ขอนไม้กว้าง 10cm|ตุ๊กตาเรซิ่นสูง 3-4cm|ราคา 270 บาท"
ZP0199,"ตุ๊กตาเรซิ่นบนขอนไม้|ประดับกำแพง|ขนาด ขอนไม้กว้าง 10cm|ตุ๊กตาเรซิ่นสูง 3-4cm|ราคา 270 บาท"
ZP0200,"ตุ๊กตาเรซิ่นบนขอนไม้|ประดับกำแพง|ขนาด ขอนไม้กว้าง 10cm|ตุ๊กตาเรซิ่นสูง 3-4cm|ราคา 270 บาท"
ZP0201,"ตุ๊กตาเรซิ่นบนขอนไม้|ประดับกำแพง|ขนาด ขอนไม้กว้าง 10cm|ตุ๊กตาเรซิ่นสูง 3-4cm|ราคา 270 บาท"
ZP0202,"ต้นไม้ปลอมบนขอนไม้|ประดับกำแพง|ขนาด ขอนไม้สูง 10cm|ต้นไม้สูง 6-10cm|ราคา 410 บาท"
ZP0203,"ต้นไม้ปลอมบนขอนไม้|ประดับกำแพง|ขนาด ขอนไม้สูง 10cm|ต้นไม้สูง 6-10cm|ราคา 410 บาท"
ZP0204,"ต้นไม้ปลอมบนขอนไม้|ประดับกำแพง|ขนาด ขอนไม้สูง 10cm|ต้นไม้สูง 6-10cm|ราคา 410 บาท"
ZP0205,"ต้นไม้ปลอมบนขอนไม้|ประดับกำแพง|ขนาด ขอนไม้สูง 10cm|ต้นไม้สูง 6-10cm|ราคา 410 บาท"
ZP0206,"ต้นไม้ปลอมบนขอนไม้|ประดับกำแพง|ขนาด ขอนไม้สูง 10cm|ต้นไม้สูง 6-10cm|ราคา 410 บาท"
ZP0207,"ต้นไม้ปลอมบนขอนไม้|ประดับกำแพง|ขนาด ขอนไม้สูง 10cm|ต้นไม้สูง 6-10cm|ราคา 410 บาท"
ZP0208,"ต้นไม้ปลอมบนขอนไม้|ประดับกำแพง|ขนาด ขอนไม้สูง 10cm|ต้นไม้สูง 6-10cm|ราคา 410 บาท"
ZP0209,"ขอนไม้เปล่า|ขนาด สูง 10cm|ราคา 230 บาท"
ZP0210,"ขอนไม้เปล่า|ขนาด กว้าง 10cm|ราคา 190 บาท"
ZP0211,"ตุ๊กตานั่งบนชิงช้าไม้|ขนาด ตุ๊กตา 5*5*17cm|ชิงช้า 15*15cm|ราคา 370 บาท"
ZP0212,"ตุ๊กตานั่งบนชิงช้าไม้|ขนาด ตุ๊กตา 5*5*17cm|ชิงช้า 15*15cm|ราคา 370 บาท"
ZP0213,"ตุ๊กตานั่งบนชิงช้าไม้|ขนาด ตุ๊กตา 5*5*17cm|ชิงช้า 15*15cm|ราคา 370 บาท"
ZP0214,"ตุ๊กตานั่งบนชิงช้าไม้|ขนาด ตุ๊กตา 5*5*17cm|ชิงช้า 15*15cm|ราคา 370 บาท"
ZP0215,"ชิงช้าเปล่า|ขนาด 15*15cm|ราคา 190 บาท"
ZP0216,"ตุ๊กตานั่งบนชิงช้าไม้|ขนาด ตุ๊กตา 5*5*17cm|ชิงช้า 15*15cm|ราคา 370 บาท"
ZP0217,"เซ็ตเห็ดเรซิ่น 1 เซ็ตมี 3 ต้น|ขนาด ต้นใหญ่ 5-7cm|ต้นกลาง 4-5cm|ต้นเล็ก 3-4cm|ราคา (เซ็ตละ) 200 บาท"
ZP0218,"เซ็ตเห็ดเรซิ่น 1 เซ็ตมี 3 ต้น|ขนาด ต้นใหญ่ 5-7cm|ต้นกลาง 4-5cm|ต้นเล็ก 3-4cm|ราคา (เซ็ตละ) 200 บาท"
ZP0219,"เซ็ตเห็ดเรซิ่น 1 เซ็ตมี 3 ต้น|ขนาด ต้นใหญ่ 5-7cm|ต้นกลาง 4-5cm|ต้นเล็ก 3-4cm|ราคา (เซ็ตละ) 200 บาท"
ZP0220,"เซ็ตเห็ดเรซิ่น 1 เซ็ตมี 3 ต้น|ขนาด ต้นใหญ่ 5-7cm|ต้นกลาง 4-5cm|ต้นเล็ก 3-4cm|ราคา (เซ็ตละ) 200 บาท"
ZP0221,"เซ็ตเห็ดเรซิ่น 1 เซ็ตมี 3 ต้น|ขนาด ต้นใหญ่ 5-7cm|ต้นกลาง 4-5cm|ต้นเล็ก 3-4cm|ราคา (เซ็ตละ) 200 บาท"
ZP0222,"เซ็ตเห็ดเรซิ่น 1 เซ็ตมี 3 ต้น|ขนาด ต้นใหญ่ 5-7cm|ต้นกลาง 4-5cm|ต้นเล็ก 3-4cm|ราคา (เซ็ตละ) 200 บาท"
ZP0223,"ตุ๊กตาเรซิ่น three animals series|1 เซ็ต มี 3 ตัว|ขนาด 4.5cm|ราคา (เซ็ตละ) 200 บาท"
ZP0224,"ตุ๊กตาเรซิ่น three animals series|1 เซ็ต มี 3 ตัว|ขนาด 4.5cm|ราคา (เซ็ตละ) 200 บาท"
ZP0225,"ตุ๊กตาเรซิ่น three animals series|1 เซ็ต มี 3 ตัว|ขนาด 4.5cm|ราคา (เซ็ตละ) 200 บาท"
ZP0226,"ตุ๊กตาเรซิ่น three animals series|1 เซ็ต มี 3 ตัว|ขนาด 4.5cm|ราคา (เซ็ตละ) 200 บาท"
ZP0227,"ที่หนีบกระดาษตุ๊กตาเรซิ่น|ขนาด 4.5cm*4.5cm*9cm|ราคา 100 บาท"
ZP0228,"ที่หนีบกระดาษตุ๊กตาเรซิ่น|ขนาด 4.5cm*4.5cm*9cm|ราคา 100 บาท"
ZP0229,"ที่หนีบกระดาษตุ๊กตาเรซิ่น|ขนาด 4.5cm*4.5cm*9cm|ราคา 100 บาท"
ZP0230,"ที่หนีบกระดาษตุ๊กตาเรซิ่น|ขนาด 4.5cm*4.5cm*9cm|ราคา 100 บาท"
ZP0231,"ที่หนีบกระดาษตุ๊กตาเรซิ่น|ขนาด 4.5cm*4.5cm*9cm|ราคา 100 บาท"
ZP0232,"ที่หนีบกระดาษตุ๊กตาเรซิ่น|ขนาด 4.5cm*4.5cm*9cm|ราคา 100 บาท"
ZP0233,"ที่หนีบกระดาษตุ๊กตาเรซิ่น|ขนาด 4.5cm*4.5cm*9cm|ราคา 100 บาท"
ZP0234,"ที่หนีบกระดาษตุ๊กตาเรซิ่น|ขนาด 4.5cm*4.5cm*9cm|ราคา 100 บาท"
ZP0235,"ที่หนีบกระดาษตุ๊กตาเรซิ่น|ขนาด 4.5cm*4.5cm*9cm|ราคา 100 บาท"
ZP0236,"ที่หนีบกระดาษตุ๊กตาเรซิ่น|ขนาด 4.5cm*4.5cm*9cm|ราคา 100 บาท"
ZP0237,"ที่หนีบกระดาษตุ๊กตาเรซิ่น|ขนาด 4.5cm*4.5cm*9cm|ราคา 100 บาท"
ZP0238,"ที่หนีบกระดาษตุ๊กตาเรซิ่น|ขนาด 4.5cm*4.5cm*9cm|ราคา 100 บาท"
ZP0239,"ที่หนีบกระดาษตุ๊กตาเรซิ่น|ขนาด 4.5cm*4.5cm*9cm|ราคา 100 บาท"
ZP0240,"ที่หนีบกระดาษตุ๊กตาเรซิ่น|ขนาด 4.5cm*4.5cm*9cm|ราคา 100 บาท"
ZP0241,"ที่หนีบกระดาษตุ๊กตาเรซิ่น|ขนาด 4.5cm*4.5cm*6cm|ราคา 120 บาท"
ZP0242,"ที่หนีบกระดาษตุ๊กตาเรซิ่น|ขนาด 4.5cm*4.5cm*6cm|ราคา 120 บาท"
ZP0243,"ที่หนีบกระดาษตุ๊กตาเรซิ่น|ขนาด 4.5cm*4.5cm*6cm|ราคา 120 บาท"
ZP0244,"ที่หนีบกระดาษตุ๊กตาเรซิ่น|ขนาด 4.5cm*4.5cm*6cm|ราคา 120 บาท"
ZP0245,"ที่หนีบกระดาษตุ๊กตาเรซิ่น|ขนาด 4.5cm*4.5cm*6cm|ราคา 120 บาท"
ZP0246,"ที่หนีบกระดาษตุ๊กตาเรซิ่น|ขนาด 4.5cm*4.5cm*6cm|ราคา 120 บาท"
ZP0247,"ที่หนีบกระดาษตุ๊กตาเรซิ่น|ขนาด 4.5cm*4.5cm*6cm|ราคา 120 บาท"
ZP0248,"ตุ๊กตาเรซิ่น dango series|ขนาด 5.5cm|ราคา 80 บาท"
ZP0249,"ตุ๊กตาเรซิ่น dango series|ขนาด 5.5cm|ราคา 80 บาท"
ZP0250,"ตุ๊กตาเรซิ่น dango series|ขนาด 5.5cm|ราคา 80 บาท"
ZP0251,"ตุ๊กตาเรซิ่น dango series|ขนาด 5.5cm|ราคา 80 บาท"
ZP0252,"กระถางปลูกต้นไม้เรซิ่น|ขนาด 8-12cm|ราคา 310 บาท"
ZP0253,"กระถางปลูกต้นไม้เรซิ่น|ขนาด 8-12cm|ราคา 310 บาท"
ZP0254,"กระถางปลูกต้นไม้เรซิ่น|ขนาด 8-12cm|ราคา 310 บาท"
ZP0255,"กระถางปลูกต้นไม้เรซิ่น|ขนาด 8-12cm|ราคา 310 บาท"
ZP0256,"กระถางปลูกต้นไม้เรซิ่น|ขนาด 8-12cm|ราคา 310 บาท"
ZP0257,"กระถางปลูกต้นไม้เรซิ่น|ขนาด 8-12cm|ราคา 310 บาท"
ZP0258,"กระถางปลูกต้นไม้เรซิ่น|ขนาด 8-12cm|ราคา 310 บาท"
ZP0259,"กระถางปลูกต้นไม้เรซิ่น|ขนาด 8-12cm|ราคา 310 บาท"
ZP0260,"กระถางปลูกต้นไม้เรซิ่น|ขนาด 8-12cm|ราคา 310 บาท"
ZP0261,"กระถางปลูกต้นไม้เรซิ่น|ขนาด 8-12cm|ราคา 310 บาท"
ZP0262,"กระถางปลูกต้นไม้เรซิ่น|ขนาด 8-12cm|ราคา 310 บาท"
ZP0263,"กระถางปลูกต้นไม้เรซิ่น|ขนาด 8-12cm|ราคา 310 บาท"
ZP0264,"ตุ๊กตาเรซิ่น koala series|ขนาด 5cm|ราคา 120 บาท"
ZP0265,"ตุ๊กตาเรซิ่น koala series|ขนาด 5cm|ราคา 120 บาท"
ZP0266,"ตุ๊กตาเรซิ่น koala series|ขนาด 5cm|ราคา 120 บาท"
ZP0267,"ตุ๊กตาเรซิ่น koala series|ขนาด 5cm|ราคา 120 บาท"
ZP0268,"ตุ๊กตาเรซิ่น koala series|ขนาด 5cm|ราคา 120 บาท"
ZP0269,"ตุ๊กตาเรซิ่น koala series|ขนาด 5cm|ราคา 120 บาท"
ZP0270,"ตุ๊กตาเรซิ่น stand up series|ขนาด 3.5cm|ราคา 80 บาท"
ZP0271,"ตุ๊กตาเรซิ่น stand up series|ขนาด 3.5cm|ราคา 80 บาท"
ZP0272,"ตุ๊กตาเรซิ่น stand up series|ขนาด 3.5cm|ราคา 80 บาท"
ZP0273,"ตุ๊กตาเรซิ่น stand up series|ขนาด 3.5cm|ราคา 80 บาท"
ZP0274,"ตุ๊กตาเรซิ่น stand up series|ขนาด 3.5cm|ราคา 80 บาท"
ZP0275,"ตุ๊กตาเรซิ่น stand up series|ขนาด 3.5cm|ราคา 80 บาท"
ZP0276,"ตุ๊กตาเรซิ่น stand up series|ขนาด 3.5cm|ราคา 80 บาท"
ZP0277,"ตุ๊กตาเรซิ่น stand up series|ขนาด 3.5cm|ราคา 80 บาท"
ZP0278,"ตุ๊กตาเรซิ่น stand up series|ขนาด 3.5cm|ราคา 80 บาท"
ZP0279,"ตุ๊กตาเรซิ่น stand up series|ขนาด 3.5cm|ราคา 80 บาท"
ZP0280,"ตุ๊กตาเรซิ่น stand up series|ขนาด 3.5cm|ราคา 80 บาท"
ZP0281,"ตุ๊กตาเรซิ่น stand up series|ขนาด 3.5cm|ราคา 80 บาท"
ZP0282,"จานเซรามิก|ขนาด 8inches|ราคา 420 บาท"
ZP0283,"จานเซรามิก|ขนาด 8inches|ราคา 420 บาท"
ZP0284,"จานเซรามิก|ขนาด 8inches|ราคา 420 บาท"
ZP0285,"จานเซรามิก|ขนาด 8inches|ราคา 420 บาท"
ZP0286,"จานเซรามิก|ขนาด 8inches|ราคา 420 บาท"
ZP0287,"จานเซรามิก|ขนาด 8inches|ราคา 420 บาท"
ZP0288,"จานเซรามิก|ขนาด 8inches|ราคา 420 บาท"
ZP0289,"จานเซรามิก|ขนาด 8inches|ราคา 420 บาท"
ZP0290,"จานเซรามิก|ขนาด 8inches|ราคา 420 บาท"
ZP0291,"จานเซรามิก|ขนาด 8inches|ราคา 420 บาท"
ZP0292,"เซ็ตแก้ว+จานรอง เซรามิก|ขนาด ตัวแก้ว|เส้นผ่านศูนย์กลาง 8cm|สูง 6cm|จุน้ำได้ 220ml|ตัวจาน|เส้นผ่านศูนย์กลาง 14.5cm|ราคา 550 บาท"
ZP0293,"เซ็ตแก้ว+จานรอง เซรามิก|ขนาด ตัวแก้ว|เส้นผ่านศูนย์กลาง 8cm|สูง 6cm|จุน้ำได้ 220ml|ตัวจาน|เส้นผ่านศูนย์กลาง 14.5cm|ราคา 550 บาท"
ZP0294,"เซ็ตแก้ว+จานรอง เซรามิก|ขนาด ตัวแก้ว|เส้นผ่านศูนย์กลาง 8cm|สูง 6cm|จุน้ำได้ 220ml|ตัวจาน|เส้นผ่านศูนย์กลาง 14.5cm|ราคา 550 บาท"
ZP0295,"เซ็ตแก้ว+จานรอง เซรามิก|ขนาด ตัวแก้ว|เส้นผ่านศูนย์กลาง 8cm|สูง 6cm|จุน้ำได้ 220ml|ตัวจาน|เส้นผ่านศูนย์กลาง 14.5cm|ราคา 550 บาท"
ZP0296,"เซ็ตแก้ว+จานรอง เซรามิก|ขนาด ตัวแก้ว|เส้นผ่านศูนย์กลาง 8cm|สูง 6cm|จุน้ำได้ 220ml|ตัวจาน|เส้นผ่านศูนย์กลาง 14.5cm|ราคา 550 บาท"
ZP0297,"เซ็ตแก้ว+จานรอง เซรามิก|ขนาด ตัวแก้ว|เส้นผ่านศูนย์กลาง 8cm|สูง 6cm|จุน้ำได้ 220ml|ตัวจาน|เส้นผ่านศูนย์กลาง 14.5cm|ราคา 550 บาท"
ZP0298,"จานเซรามิก|ขนาด 8inches|ราคา 420 บาท"
ZP0299,"จานเซรามิก|ขนาด 8inches|ราคา 420 บาท"
ZP0300,"จานเซรามิก|ขนาด 8inches|ราคา 420 บาท"
ZP0301,"จานเซรามิก|ขนาด 8inches|ราคา 420 บาท"
ZP0302,"จานเซรามิก|ขนาด 8inches|ราคา 420 บาท"
ZP0303,"จานเซรามิก|ขนาด 8inches|ราคา 420 บาท"
ZP0304,"จานเซรามิก|ขนาด 8inches|ราคา 420 บาท"
ZP0305,"จานเซรามิก|ขนาด 8inches|ราคา 420 บาท"
ZP0306,"จานเซรามิก|ขนาด 8inches|ราคา 420 บาท"
ZP0307,"จานเซรามิก|ขนาด 8inches|ราคา 420 บาท"
ZP0308,"จานเซรามิก|ขนาด 8inches|ราคา 420 บาท"
ZP0309,"ต้นไม้ปลอมพร้อมกระถาง|ขนาด 5.5cm*4cm|ราคา 120 บาท"
ZP0310,"ต้นไม้ปลอมพร้อมกระถาง|ขนาด 5.5cm*4cm|ราคา 120 บาท"
ZP0311,"ต้นไม้ปลอมพร้อมกระถาง|ขนาด 5.5cm*4cm|ราคา 120 บาท"
ZP0312,"ต้นไม้ปลอมพร้อมกระถาง|ขนาด 5.5cm*4cm|ราคา 120 บาท"
ZP0313,"ต้นไม้ปลอมพร้อมกระถาง|ขนาด 5.5cm*4cm|ราคา 120 บาท"
ZP0314,"ต้นไม้ปลอมพร้อมกระถาง|ขนาด 5.5cm*4cm|ราคา 120 บาท"
ZP0315,"ต้นไม้ปลอมพร้อมกระถาง|ขนาด 5.5cm*4cm|ราคา 120 บาท"
ZP0316,"ต้นไม้ปลอมพร้อมกระถาง|ขนาด 5.5cm*4cm|ราคา 120 บาท"
ZP0317,"ต้นไม้ปลอมพร้อมกระถาง|ขนาด 5.5cm*4cm|ราคา 120 บาท"
ZP0318,"ต้นไม้ปลอมพร้อมกระถาง|ขนาด 5.5cm*4cm|ราคา 120 บาท"
ZP0319,"ต้นไม้ปลอมพร้อมกระถาง|ขนาด 5.5cm*4cm|ราคา 120 บาท"
ZP0320,"ต้นไม้ปลอมพร้อมกระถาง|ขนาด 5.5cm*4cm|ราคา 120 บาท"
ZP0321,"ต้นไม้ปลอมพร้อมกระถาง|ขนาด 5.5cm*4cm|ราคา 120 บาท"
ZP0322,"ตุ๊กตาน้องเหมียวหาบ้าน pvc|ขนาด 3*2.5*1.8cm |ราคา 70 บาท"
ZP0323,"ตุ๊กตาน้องเหมียวหาบ้าน pvc|ขนาด 3*2.5*1.8cm |ราคา 70 บาท"
ZP0324,"ตุ๊กตาน้องเหมียวหาบ้าน pvc|ขนาด 3*2.5*1.8cm |ราคา 70 บาท"
ZP0325,"ตุ๊กตาน้องเหมียวหาบ้าน pvc|ขนาด 3*2.5*1.8cm |ราคา 70 บาท"
ZP0326,"ตุ๊กตาน้องเหมียวหาบ้าน pvc|ขนาด 3*2.5*1.8cm |ราคา 70 บาท"
ZP0327,"แก้วเซรามิก 12 ราศี|ขนาด 7*5*6cm |จุน้ำได้ 120ml|ราคา 70 บาท"
ZP0328,"แก้วเซรามิก 12 ราศี|ขนาด 7*5*6cm |จุน้ำได้ 120ml|ราคา 70 บาท"
ZP0329,"ตุ๊กตาเรซิ่น New Series|ขนาด 6cm|ราคา 80 บาท"
ZP0330,"ตุ๊กตาเรซิ่น New Series|ขนาด 6cm|ราคา 80 บาท"
ZP0331,"ตุ๊กตาเรซิ่น New Series|ขนาด 6cm|ราคา 80 บาท"
ZP0332,"ตุ๊กตาเรซิ่น New Series|ขนาด 6cm|ราคา 80 บาท"
ZP0333,"ตุ๊กตาเรซิ่น New Series|ขนาด 6cm|ราคา 80 บาท"
ZP0334,"ตุ๊กตาเรซิ่น New Series Hand up|ขนาด 4cm|ราคา 90 บาท"
ZP0335,"ตุ๊กตาเรซิ่น New Series Hand up|ขนาด 4cm|ราคา 90 บาท"
ZP0336,"ตุ๊กตาเรซิ่น New Series Hand up|ขนาด 4cm|ราคา 90 บาท"
ZP0337,"ตุ๊กตาเรซิ่น New Series Hand up|ขนาด 4cm|ราคา 90 บาท"
ZP0338,"ตุ๊กตาเรซิ่น New Series Hand up|ขนาด 4cm|ราคา 90 บาท"
ZP0339,"ตุ๊กตาเรซิ่น Original Series|ขนาด 4-5cm|ราคา 70 บาท"
ZP0340,"ตุ๊กตาเรซิ่น Original Series|ขนาด 4-5cm|ราคา 70 บาท"
ZP0341,"ตุ๊กตาเรซิ่น Original Series|ขนาด 4-5cm|ราคา 70 บาท"
ZP0342,"ตุ๊กตาเรซิ่น Original Series|ขนาด 4-5cm|ราคา 70 บาท"
ZP0343,"ตุ๊กตาเรซิ่น Original Series|ขนาด 4-5cm|ราคา 70 บาท"
ZP0344,"ตุ๊กตาเรซิ่น Original Series|ขนาด 4-5cm|ราคา 70 บาท"
ZP0345,"ตุ๊กตาเรซิ่น Original Series|ขนาด 4-5cm|ราคา 70 บาท"
ZP0346,"ตุ๊กตาเรซิ่น Original Series|ขนาด 4-5cm|ราคา 70 บาท"
ZP0347,"ตุ๊กตาเรซิ่น Original Series|ขนาด 4-5cm|ราคา 70 บาท"
ZP0348,"ตุ๊กตาเรซิ่น Original Series|ขนาด 4-5cm|ราคา 70 บาท"
ZP0349,"ตุ๊กตาเรซิ่น Original Series|ขนาด 4-5cm|ราคา 70 บาท"
ZP0350,"ตุ๊กตาเรซิ่น Original Series|ขนาด 4-5cm|ราคา 70 บาท"
ZP0351,"ตุ๊กตาเรซิ่น Original Series|ขนาด 4-5cm|ราคา 70 บาท"
ZP0352,"ตุ๊กตาเรซิ่น Original Series|ขนาด 4-5cm|ราคา 70 บาท"
ZP0353,"ตุ๊กตาเรซิ่น Original Series|ขนาด 4-5cm|ราคา 70 บาท"
ZP0354,"ตุ๊กตาเรซิ่น Original Series|ขนาด 4-5cm|ราคา 70 บาท"
ZP0355,"ตุ๊กตาเรซิ่น Original Series|ขนาด 4-5cm|ราคา 70 บาท"
ZP0356,"ตุ๊กตาเรซิ่น Original Series|ขนาด 4-5cm|ราคา 70 บาท"
ZP0357,"ตุ๊กตาเรซิ่น Original Series|ขนาด 4-5cm|ราคา 70 บาท"
ZP0358,"ตุ๊กตาเรซิ่น Monsters Series|ขนาด 3-5cm|ราคา 70 บาท"
ZP0359,"ตุ๊กตาเรซิ่น Monsters Series|ขนาด 3-5cm|ราคา 70 บาท"
ZP0360,"ตุ๊กตาเรซิ่น Monsters Series|ขนาด 3-5cm|ราคา 70 บาท"
ZP0361,"ตุ๊กตาเรซิ่น Monsters Series|ขนาด 3-5cm|ราคา 70 บาท"
ZP0362,"ตุ๊กตาเรซิ่น Monsters Series|ขนาด 3-5cm|ราคา 70 บาท"
ZP0363,"ตุ๊กตาเรซิ่น Monsters Series|ขนาด 3-5cm|ราคา 70 บาท"
ZP0364,"ตุ๊กตาเรซิ่น Monsters Series|ขนาด 3-5cm|ราคา 70 บาท"
ZP0365,"ตุ๊กตาเรซิ่น Monsters Series|ขนาด 3-5cm|ราคา 70 บาท"
ZP0366,"ตุ๊กตาเรซิ่น Monsters Series|ขนาด 3-5cm|ราคา 70 บาท"
ZP0367,"ตุ๊กตาเรซิ่น Monsters Series|ขนาด 3-5cm|ราคา 70 บาท"
ZP0368,"ตุ๊กตาเรซิ่น Monsters Series|ขนาด 3-5cm|ราคา 70 บาท"
ZP0369,"ตุ๊กตาเรซิ่น Monsters Series|ขนาด 3-5cm|ราคา 70 บาท"
ZP0370,"ตุ๊กตาเรซิ่น Monsters Series|ขนาด 3-5cm|ราคา 70 บาท"
ZP0371,"ตุ๊กตาเรซิ่น Monsters Series|ขนาด 3-5cm|ราคา 70 บาท"
ZP0372,"ตุ๊กตาเรซิ่น Monsters Series|ขนาด 3-5cm|ราคา 70 บาท"
ZP0373,"ตุ๊กตาเรซิ่น Monsters Series|ขนาด 3-5cm|ราคา 70 บาท"
ZP0374,"ตุ๊กตาเรซิ่น Monsters Series|ขนาด 3-5cm|ราคา 70 บาท"
ZP0375,"โหลประดับ|ขนาด ใหญ่ 18*9cm|ราคา 350 บาท"
ZP0376,"โหลประดับ|ขนาด ใหญ่ 18*9cm|ราคา 350 บาท"
ZP0377,"โหลประดับ|ขนาด ใหญ่ 18*9cm|ราคา 350 บาท"
ZP0378,"โหลประดับ|ขนาด ใหญ่ 18*9cm|ราคา 350 บาท"
ZP0379,"โหลประดับ|ขนาด ใหญ่ 18*9cm|ราคา 350 บาท"
ZP0380,"โหลประดับ|ขนาด กลาง 14.5*8cm|ราคา 310 บาท"
ZP0381,"โหลประดับ|ขนาด กลาง 14.5*8cm|ราคา 310 บาท"
ZP0382,"โหลประดับ|ขนาด กลาง 14.5*8cm|ราคา 310 บาท"
ZP0383,"โหลประดับ|ขนาด กลาง 14.5*8cm|ราคา 310 บาท"
ZP0384,"โหลประดับ|ขนาด เล็ก 11.5*6.5cm|ราคา 270 บาท"
ZP0385,"โหลประดับ|ขนาด เล็ก 11.5*6.5cm|ราคา 270 บาท"
ZP0386,"โหลประดับ|ขนาด เล็ก 11.5*6.5cm|ราคา 270 บาท"
ZP0387,"โหลประดับ|ขนาด เล็ก 11.5*6.5cm|ราคา 270 บาท"
ZP0388,"โหลประดับ|ขนาด เล็ก 11.5*6.5cm|ราคา 270 บาท"
ZP0389,"กระถางต้นไม้จิ๋ว|ขนาด 6*10cm|ราคา 100 บาท"
ZP0390,"กระถางต้นไม้จิ๋ว|ขนาด 6*10cm|ราคา 100 บาท"
ZP0391,"กระถางต้นไม้จิ๋ว|ขนาด 6*10cm|ราคา 100 บาท"
ZP0392,"กระเป๋าสะพายยางซิลิโคน|ขนาด 19*18cm|ราคา 420 บาท"
ZP0393,"กระเป๋าสะพายยางซิลิโคน|ขนาด 19*18cm|ราคา 420 บาท"
ZP0394,"กระเป๋าสะพายยางซิลิโคน|ขนาด 19*18cm|ราคา 420 บาท"
ZP0395,"กระเป๋าสะพายยางซิลิโคน|ขนาด 19*18cm|ราคา 420 บาท"
ZP0396,"กระเป๋าสะพายยางซิลิโคน|ขนาด 19*18cm|ราคา 420 บาท"
ZP0397,"กระเป๋าสะพายยางซิลิโคน|ขนาด 19*18cm|ราคา 420 บาท"
ZP0398,"กระเป๋าสะพายยางซิลิโคน|ขนาด 19*18cm|ราคา 420 บาท"
ZP0399,"กล่องดนตรีไขลาน|ขนาด 9.5*6.5*4.5cm|ราคา 210 บาท"
ZP0400,"กล่องดนตรีไขลาน|ขนาด 9.5*6.5*4.5cm|ราคา 210 บาท"
ZP0401,"กล่องดนตรีไขลาน|ขนาด 9.5*6.5*4.5cm|ราคา 210 บาท"
ZP0402,"กล่องดนตรีไขลาน|ขนาด 9.5*6.5*4.5cm|ราคา 210 บาท"
ZP0403,"พัดหน้าแมว||ราคา 140 บาท"
ZP0404,"พัดหน้าแมว||ราคา 140 บาท"
ZP0405,"แก้วเซรามิก|ขนาด 7.3CM*8CM จุน้ำได้ 300ml|ราคา 210 บาท"
ZP0406,"แก้วเซรามิก|ขนาด 7.3CM*8CM จุน้ำได้ 300ml|ราคา 210 บาท"
ZP0407,"แก้วเซรามิก|ขนาด 7.3CM*8CM จุน้ำได้ 300ml|ราคา 210 บาท"
ZP0408,"แก้วเซรามิก|ขนาด 7.3CM*8CM จุน้ำได้ 300ml|ราคา 210 บาท"
ZP0409,"แก้วเซรามิก|ขนาด 7.3CM*8CM จุน้ำได้ 300ml|ราคา 210 บาท"
ZP0410,"แก้วเซรามิก|ขนาด 7.3CM*8CM จุน้ำได้ 300ml|ราคา 210 บาท"
ZP0411,"แก้วเซรามิก|ขนาด 7.3CM*8CM จุน้ำได้ 300ml|ราคา 210 บาท"
ZP0412,"แก้ว Super Hero แบบมีหู|ขนาด 8.7*11cm จุน้ำได้ 400ml|ราคา 280 บาท"
ZP0413,"แก้ว Super Hero แบบมีหู|ขนาด 8.7*11cm จุน้ำได้ 400ml|ราคา 280 บาท"
ZP0414,"แก้ว Super Hero แบบมีหู|ขนาด 8.7*11cm จุน้ำได้ 400ml|ราคา 280 บาท"
ZP0415,"แก้ว Super Hero แบบมีหู|ขนาด 8.7*11cm จุน้ำได้ 400ml|ราคา 280 บาท"
ZP0416,"แก้ว Super Hero แบบไม่มีหู|ขนาด 8.7*11cm จุน้ำได้ 400ml|ราคา 280 บาท"
ZP0417,"แก้ว Super Hero แบบไม่มีหู|ขนาด 8.7*11cm จุน้ำได้ 400ml|ราคา 280 บาท"
ZP0418,"แก้ว Super Hero แบบไม่มีหู|ขนาด 8.7*11cm จุน้ำได้ 400ml|ราคา 280 บาท"
ZP0419,"แก้ว Super Hero แบบไม่มีหู|ขนาด 8.7*11cm จุน้ำได้ 400ml|ราคา 280 บาท"
ZP0420,"แก้วลายสัตว์ว่ายน้ำ|ขนาด 8.5*8cm จุน้ำได้ 300ml|ราคา 210 บาท"
ZP0421,"แก้วลายสัตว์ว่ายน้ำ|ขนาด 8.5*8cm จุน้ำได้ 300ml|ราคา 210 บาท"
ZP0422,"แก้วลายสัตว์ว่ายน้ำ|ขนาด 8.5*8cm จุน้ำได้ 300ml|ราคา 210 บาท"
ZP0423,"แก้วมีฝาปิดพร้อมหลอดและที่เสียบหลอดลายผลไม้|ขนาด 8*12cm จุน้ำได้ 340ml|ราคา (เซ็ตละ) 250 บาท"
ZP0424,"แก้วมีฝาปิดพร้อมหลอดและที่เสียบหลอดลายผลไม้|ขนาด 8*12cm จุน้ำได้ 340ml|ราคา (เซ็ตละ) 250 บาท"
ZP0425,"แก้วมีฝาปิดพร้อมหลอดและที่เสียบหลอดลายผลไม้|ขนาด 8*12cm จุน้ำได้ 340ml|ราคา (เซ็ตละ) 250 บาท"
ZP0426,"แก้วมีฝาปิดพร้อมหลอดและที่เสียบหลอดลายผลไม้|ขนาด 8*12cm จุน้ำได้ 340ml|ราคา (เซ็ตละ) 250 บาท"
ZP0427,"แก้วมีฝาปิดพร้อมช้อน|ขนาด 7*11.5cm จุน้ำได้ 320ml|ราคา (เซ็ตละ) 250 บาท"
ZP0428,"แก้วมีฝาปิดพร้อมช้อน|ขนาด 7*11.5cm จุน้ำได้ 320ml|ราคา (เซ็ตละ) 250 บาท"
ZP0429,"แก้วมีฝาปิดพร้อมช้อน|ขนาด 7*11.5cm จุน้ำได้ 320ml|ราคา (เซ็ตละ) 250 บาท"
ZP0430,"แก้วมีฝาปิดพร้อมช้อน|ขนาด 7*11.5cm จุน้ำได้ 320ml|ราคา (เซ็ตละ) 250 บาท"
ZP0431,"แก้วมีฝาปิดพร้อมช้อน|ขนาด 7*11.5cm จุน้ำได้ 320ml|ราคา (เซ็ตละ) 250 บาท"
ZP0432,"แก้วมีฝาปิดพร้อมช้อน|ขนาด 7*11.5cm จุน้ำได้ 320ml|ราคา (เซ็ตละ) 250 บาท"
ZP0433,"แก้วมีฝาปิดพร้อมช้อน|ขนาด 7*11.5cm จุน้ำได้ 320ml|ราคา (เซ็ตละ) 250 บาท"
ZP0434,"แก้วมีฝาปิดพร้อมช้อน|ขนาด 7*11.5cm จุน้ำได้ 320ml|ราคา (เซ็ตละ) 250 บาท"
ZP0435,"แก้วมีฝาปิดพร้อมช้อน|ขนาด 8*11cm จุน้ำได้ 500ml|ราคา (เซ็ตละ) 420 บาท"
ZP0436,"แก้วมีฝาปิดพร้อมช้อน|ขนาด 8*11cm จุน้ำได้ 500ml|ราคา (เซ็ตละ) 420 บาท"
ZP0437,"แก้วมีฝาปิดพร้อมช้อน|ขนาด 8*11cm จุน้ำได้ 500ml|ราคา (เซ็ตละ) 420 บาท"
ZP0438,"แก้วมีฝาปิดพร้อมช้อน|ขนาด 8*11cm จุน้ำได้ 500ml|ราคา (เซ็ตละ) 420 บาท"
ZP0439,"แก้วเพนกวิน|ขนาด 6*8.5cm จุน้ำได้ 200ml|ราคา 220 บาท"
ZP0440,"แก้วเพนกวิน|ขนาด 6*8.5cm จุน้ำได้ 200ml|ราคา 220 บาท"
ZP0441,"แก้วเพนกวิน|ขนาด 6*8.5cm จุน้ำได้ 200ml|ราคา 220 บาท"
ZP0442,"แก้วเพนกวิน|ขนาด 6*8.5cm จุน้ำได้ 200ml|ราคา 220 บาท"
ZP0443,"กระถางต้นไม้จิ๋วทรงรถ|ขนาด ประมาณ 8*15.5cm|ราคา 400 บาท"
ZP0444,"กระถางต้นไม้จิ๋วทรงรถ|ขนาด ประมาณ 8*15.5cm|ราคา 400 บาท"
ZP0445,"กระถางต้นไม้จิ๋วทรงรถ|ขนาด ประมาณ 8*15.5cm|ราคา 400 บาท"
ZP0446,"กระถางต้นไม้จิ๋วทรงรถ|ขนาด ประมาณ 8*15.5cm|ราคา 400 บาท"
ZP0447,"กระถางต้นไม้จิ๋วทรงรถ|ขนาด ประมาณ 8*15.5cm|ราคา 400 บาท"
ZP0448,"กระถางต้นไม้จิ๋วทรงรถ|ขนาด ประมาณ 8*15.5cm|ราคา 400 บาท"
ZP0449,"กระถางต้นไม้จิ๋วทรงรถ|ขนาด ประมาณ 8*15.5cm|ราคา 400 บาท"
ZP0450,"กระถางต้นไม้จิ๋วทรงรถ|ขนาด ประมาณ 8*15.5cm|ราคา 400 บาท"
ZP0451,"กระถางต้นไม้จิ๋วทรงรถ|ขนาด ประมาณ 8*15.5cm|ราคา 400 บาท"
ZP0452,"กระถางต้นไม้จิ๋วทรงรถ|ขนาด ประมาณ 8*15.5cm|ราคา 400 บาท"
ZP0453,"กระถางต้นไม้จิ๋วทรงรถ|ขนาด ประมาณ 8*15.5cm|ราคา 400 บาท"
ZP0454,"กระถางต้นไม้ทรงผนังบ้าน|ขนาด ประมาณ 15*15cm|ราคา 400 บาท"
ZP0455,"กระถางต้นไม้ทรงผนังบ้าน|ขนาด ประมาณ 15*15cm|ราคา 400 บาท"
ZP0456,"กระถางต้นไม้ทรงผนังบ้าน|ขนาด ประมาณ 15*15cm|ราคา 400 บาท"
ZP0457,"กระถางต้นไม้ทรงผนังบ้าน|ขนาด ประมาณ 15*15cm|ราคา 400 บาท"
ZP0458,"กระถางต้นไม้ทรงผนังบ้าน|ขนาด ประมาณ 15*15cm|ราคา 400 บาท"
ZP0459,"กระถางต้นไม้ทรงผนังบ้าน|ขนาด ประมาณ 15*15cm|ราคา 400 บาท"
ZP0460,"ตุ๊กตาเรซิ่น LOVE|ขนาด 5.5cm|ราคา (เซ็ตละ) 270 บาท"
ZP0461,"ตุ๊กตาเรซิ่น LOVE|ขนาด 5.5cm|ราคา (เซ็ตละ) 270 บาท"
ZP0462,"ตุ๊กตาเรซิ่น LOVE|ขนาด 5.5cm|ราคา (เซ็ตละ) 270 บาท"
ZP0463,"ตุ๊กตาเรซิ่น LOVE|ขนาด 5.5cm|ราคา (เซ็ตละ) 270 บาท"
ZP0464,"ตุ๊กตาเรซิ่น LOVE|ขนาด 5.5cm|ราคา (เซ็ตละ) 270 บาท"
ZP0465,"ตุ๊กตาเรซิ่น LOVE|ขนาด 5.5cm|ราคา (เซ็ตละ) 270 บาท"
ZP0466,"ตุ๊กตาเรซิ่น LOVE|ขนาด 5.5cm|ราคา (เซ็ตละ) 270 บาท"
ZP0467,"ตุ๊กตาเรซิ่น LOVE|ขนาด 5.5cm|ราคา (เซ็ตละ) 270 บาท"
ZP0468,"ปากกาไม้แกะสลักคละลาย|ขนาด ~18cm|ราคา (แท่งละ) 120 บาท"
ZP0469,"ปากกาไม้แกะสลักคละลาย|ขนาด ~18cm|ราคา (แท่งละ) 120 บาท"
ZP0470,"ปากกาไม้แกะสลักคละลาย|ขนาด ~18cm|ราคา (แท่งละ) 120 บาท"
ZP0471,"ปากกาไม้แกะสลักคละลาย|ขนาด ~18cm|ราคา (แท่งละ) 120 บาท"
ZP0472,"ปากกาไม้แกะสลักคละลาย|ขนาด ~18cm|ราคา (แท่งละ) 120 บาท"
ZP0473,"ปากกาไม้แกะสลักคละลาย|ขนาด ~18cm|ราคา (แท่งละ) 120 บาท"
ZP0474,"ปากกาไม้แกะสลักคละลาย|ขนาด ~18cm|ราคา (แท่งละ) 120 บาท"
ZP0475,"ปากกาไม้แกะสลักคละลาย|ขนาด ~18cm|ราคา (แท่งละ) 120 บาท"
ZP0476,"ปากกาไม้แกะสลักคละลาย|ขนาด ~18cm|ราคา (แท่งละ) 120 บาท"
ZP0477,"ปากกาไม้แกะสลักคละลาย|ขนาด ~18cm|ราคา (แท่งละ) 120 บาท"
ZP0478,"ปากกาไม้แกะสลักคละลาย|ขนาด ~18cm|ราคา (แท่งละ) 120 บาท"
ZP0479,"ปากกาไม้แกะสลักคละลาย|ขนาด ~18cm|ราคา (แท่งละ) 120 บาท"
ZP0480,"ปากกาไม้แกะสลักคละลาย|ขนาด ~18cm|ราคา (แท่งละ) 120 บาท"
ZP0481,"ปากกาไม้แกะสลักคละลาย|ขนาด ~18cm|ราคา (แท่งละ) 120 บาท"
ZP0482,"ปากกาไม้แกะสลักคละลาย|ขนาด ~18cm|ราคา (แท่งละ) 120 บาท"
ZP0483,"ปากกาไม้แกะสลักคละลาย|ขนาด ~18cm|ราคา (แท่งละ) 120 บาท"
ZP0484,"ปากกาไม้แกะสลักคละลาย|ขนาด ~18cm|ราคา (แท่งละ) 120 บาท"
ZP0485,"ปากกาไม้แกะสลักคละลาย|ขนาด ~18cm|ราคา (แท่งละ) 120 บาท"
ZP0486,"ปากกาไม้แกะสลักคละลาย|ขนาด ~18cm|ราคา (แท่งละ) 120 บาท"
ZP0487,"ปากกาไม้แกะสลักคละลาย|ขนาด ~18cm|ราคา (แท่งละ) 120 บาท"
ZP0488,"ปากกาไม้แกะสลักคละลาย|ขนาด ~18cm|ราคา (แท่งละ) 120 บาท"
ZP0489,"ปากกาไม้แกะสลักคละลาย|ขนาด ~18cm|ราคา (แท่งละ) 120 บาท"
ZP0490,"ปากกาไม้แกะสลักคละลาย|ขนาด ~18cm|ราคา (แท่งละ) 120 บาท"
ZP0491,"ปากกาไม้แกะสลักคละลาย|ขนาด ~18cm|ราคา (แท่งละ) 120 บาท"
ZP0492,"ปากกาไม้แกะสลักคละลาย|ขนาด ~18cm|ราคา (แท่งละ) 120 บาท"
ZP0493,"ปากกาไม้แกะสลักคละลาย|ขนาด ~18cm|ราคา (แท่งละ) 120 บาท"
ZP0494,"ปากกาไม้แกะสลักคละลาย|ขนาด ~18cm|ราคา (แท่งละ) 120 บาท"
ZP0495,"ปากกาไม้แกะสลักคละลาย|ขนาด ~18cm|ราคา (แท่งละ) 120 บาท"
ZP0496,"ปากกาไม้แกะสลักคละลาย|ขนาด ~18cm|ราคา (แท่งละ) 120 บาท"
ZP0497,"ปากกาไม้แกะสลักคละลาย|ขนาด ~18cm|ราคา (แท่งละ) 120 บาท"
ZP0498,"ปากกาไม้แกะสลักคละลาย|ขนาด ~18cm|ราคา (แท่งละ) 120 บาท"
ZP0499,"ปากกาไม้แกะสลักคละลาย|ขนาด ~18cm|ราคา (แท่งละ) 120 บาท"
ZP0500,"ปากกาไม้แกะสลักคละลาย|ขนาด ~18cm|ราคา (แท่งละ) 120 บาท"
ZP0501,"ปากกาไม้แกะสลักคละลาย|ขนาด ~18cm|ราคา (แท่งละ) 120 บาท"
ZP0502,"ปากกาไม้แกะสลักคละลาย|ขนาด ~18cm|ราคา (แท่งละ) 120 บาท"
ZP0503,"ปากกาไม้แกะสลักคละลาย|ขนาด ~18cm|ราคา (แท่งละ) 120 บาท"
ZP0504,"ปากกาไม้แกะสลักคละลาย|ขนาด ~18cm|ราคา (แท่งละ) 120 บาท"
ZP0505,"ปากกาไม้แกะสลักคละลาย|ขนาด ~18cm|ราคา (แท่งละ) 120 บาท"
ZP0506,"ปากกาไม้แกะสลักคละลาย|พร้อมไส้เปลี่ยน|ขนาด ~18cm|ราคา (แท่งละ) 170 บาท"
ZP0507,"ปากกาไม้แกะสลักคละลาย|พร้อมไส้เปลี่ยน|ขนาด ~18cm|ราคา (แท่งละ) 170 บาท"
ZP0508,"ปากกาไม้แกะสลักคละลาย|พร้อมไส้เปลี่ยน|ขนาด ~18cm|ราคา (แท่งละ) 170 บาท"
ZP0509,"ปากกาไม้แกะสลักคละลาย|พร้อมไส้เปลี่ยน|ขนาด ~18cm|ราคา (แท่งละ) 170 บาท"
ZP0510,"ปากกาไม้แกะสลักคละลาย|พร้อมไส้เปลี่ยน|ขนาด ~18cm|ราคา (แท่งละ) 170 บาท"
ZP0511,"ปากกาไม้แกะสลักคละลาย|พร้อมไส้เปลี่ยน|ขนาด ~18cm|ราคา (แท่งละ) 170 บาท"
ZP0512,"ปากกาไม้แกะสลักคละลาย|พร้อมไส้เปลี่ยน|ขนาด ~18cm|ราคา (แท่งละ) 170 บาท"
ZP0513,"ปากกาไม้แกะสลักคละลาย|พร้อมไส้เปลี่ยน|ขนาด ~18cm|ราคา (แท่งละ) 170 บาท"
ZP0514,"ปากกาไม้แกะสลักคละลาย|พร้อมไส้เปลี่ยน|ขนาด ~18cm|ราคา (แท่งละ) 170 บาท"
ZP0515,"ปากกาไม้แกะสลักคละลาย|พร้อมไส้เปลี่ยน|ขนาด ~18cm|ราคา (แท่งละ) 170 บาท"
ZP0516,"ปากกาไม้แกะสลักคละลาย|พร้อมไส้เปลี่ยน|ขนาด ~18cm|ราคา (แท่งละ) 170 บาท"
ZP0517,"ปากกาไม้แกะสลักคละลาย|พร้อมไส้เปลี่ยน|ขนาด ~18cm|ราคา (แท่งละ) 170 บาท"
ZP0518,"ปากกาไม้แกะสลักคละลาย|พร้อมไส้เปลี่ยน|ขนาด ~18cm|ราคา (แท่งละ) 170 บาท"
ZP0519,"ปากกาไม้แกะสลักคละลาย|พร้อมไส้เปลี่ยน|ขนาด ~18cm|ราคา (แท่งละ) 170 บาท"
ZP0520,"ปากกาไม้แกะสลักคละลาย|พร้อมไส้เปลี่ยน|ขนาด ~18cm|ราคา (แท่งละ) 170 บาท"
ZP0521,"ปากกาไม้แกะสลักคละลาย|พร้อมไส้เปลี่ยน|ขนาด ~18cm|ราคา (แท่งละ) 170 บาท"
ZP0522,"ปากกาไม้แกะสลักคละลาย|พร้อมไส้เปลี่ยน|ขนาด ~18cm|ราคา (แท่งละ) 170 บาท"
ZP0523,"ปากกาไม้แกะสลักคละลาย|พร้อมไส้เปลี่ยน|ขนาด ~18cm|ราคา (แท่งละ) 170 บาท"
ZP0524,"ปากกาไม้แกะสลักคละลาย|พร้อมไส้เปลี่ยน|ขนาด ~18cm|ราคา (แท่งละ) 170 บาท"
ZP0525,"ปากกาไม้แกะสลักคละลาย|พร้อมไส้เปลี่ยน|ขนาด ~18cm|ราคา (แท่งละ) 170 บาท"
ZP0526,"ปากกาไม้แกะสลักคละลาย|พร้อมไส้เปลี่ยน|ขนาด ~18cm|ราคา (แท่งละ) 170 บาท"
ZP0527,"ปากกาไม้แกะสลักคละลาย|พร้อมไส้เปลี่ยน|ขนาด ~18cm|ราคา (แท่งละ) 170 บาท"
ZP0528,"ปากกาไม้แกะสลักคละลาย|พร้อมไส้เปลี่ยน|ขนาด ~18cm|ราคา (แท่งละ) 170 บาท"
ZP0529,"ปากกาไม้แกะสลักคละลาย|พร้อมไส้เปลี่ยน|ขนาด ~18cm|ราคา (แท่งละ) 170 บาท"
ZP0530,"แท่นเสียบปากกาไม้|ขนาด 3cm|ราคา 70 บาท"
ZP0531,"แท่นเสียบปากกาไม้|ขนาด 3cm|ราคา 70 บาท"
ZP0532,"แท่นเสียบปากกาไม้|ขนาด 3cm|ราคา 70 บาท"
ZP0533,"แท่นเสียบปากกาไม้|ขนาด 3cm|ราคา 70 บาท"
ZP0534,"ที่ใส่ดินสอไม้แกะสลัก|ขนาด 10cm|ราคา 350 บาท"
ZP0535,"ที่ใส่ดินสอไม้แกะสลัก|ขนาด 10cm|ราคา 350 บาท"
ZP0536,"ที่ใส่ดินสอไม้แกะสลัก|ขนาด 10cm|ราคา 350 บาท"
ZP0537,"ที่ใส่ดินสอไม้แกะสลัก|ขนาด 10cm|ราคา 350 บาท"
ZP0538,"ที่ใส่ดินสอไม้แกะสลัก|ขนาด 10cm|ราคา 350 บาท"
ZP0539,"ที่ใส่ดินสอไม้แกะสลัก|ขนาด 10cm|ราคา 350 บาท"
ZP0540,"ที่ใส่ดินสอไม้แกะสลัก|ขนาด 10cm|ราคา 350 บาท"
ZP0541,"ที่ใส่ดินสอไม้แกะสลัก|ขนาด 10cm|ราคา 350 บาท"
ZP0542,"ที่ใส่ดินสอไม้แกะสลัก|ขนาด 10cm|ราคา 350 บาท"
ZP0543,"ปากกาไม้แกะสลักคละลาย|พร้อมไส้เปลี่ยน|ขนาด ~18cm|ราคา (แท่งละ) 170 บาท"
ZP0544,"ปากกาไม้แกะสลักคละลาย|พร้อมไส้เปลี่ยน|ขนาด ~18cm|ราคา (แท่งละ) 170 บาท"
ZP0545,"ปากกาไม้แกะสลักคละลาย|พร้อมไส้เปลี่ยน|ขนาด ~18cm|ราคา (แท่งละ) 170 บาท"
ZP0546,"ปากกาไม้แกะสลักคละลาย|พร้อมไส้เปลี่ยน|ขนาด ~18cm|ราคา (แท่งละ) 170 บาท"
ZP0547,"ปากกาไม้แกะสลักคละลาย|พร้อมไส้เปลี่ยน|ขนาด ~18cm|ราคา (แท่งละ) 170 บาท"
ZP0548,"ปากกาไม้แกะสลักคละลาย|พร้อมไส้เปลี่ยน|ขนาด ~18cm|ราคา (แท่งละ) 170 บาท"
ZP0549,"ปากกาไม้แกะสลักคละลาย|พร้อมไส้เปลี่ยน|ขนาด ~18cm|ราคา (แท่งละ) 170 บาท"
ZP0550,"ปากกาไม้แกะสลักคละลาย|พร้อมไส้เปลี่ยน|ขนาด ~18cm|ราคา (แท่งละ) 170 บาท"
ZP0551,"ปากกาไม้แกะสลักคละลาย|พร้อมไส้เปลี่ยน|ขนาด ~18cm|ราคา (แท่งละ) 170 บาท"
ZP0552,"ปากกาไม้แกะสลักคละลาย|พร้อมไส้เปลี่ยน|ขนาด ~18cm|ราคา (แท่งละ) 170 บาท"
ZP0553,"ปากกาไม้แกะสลักคละลาย|พร้อมไส้เปลี่ยน|ขนาด ~18cm|ราคา (แท่งละ) 170 บาท"
ZP0554,"ปากกาไม้แกะสลักคละลาย|พร้อมไส้เปลี่ยน|ขนาด ~18cm|ราคา (แท่งละ) 170 บาท"
ZP0555,"ปากกาไม้แกะสลักคละลาย|พร้อมไส้เปลี่ยน|ขนาด ~18cm|ราคา (แท่งละ) 170 บาท"
ZP0556,"ปากกาไม้แกะสลักคละลาย|พร้อมไส้เปลี่ยน|ขนาด ~18cm|ราคา (แท่งละ) 170 บาท"
ZP0557,"||"
ZP0558,"||"
ZP0559,"||"
ZP0560,"||"
ZP0561,"||"
ZP0562,"||"
ZP0563,"||"
ZP0564,"||"
ZP0565,"||"
ZP0566,"||"
ZP0567,"||"
ZP0568,"||"
ZP0569,"||"
ZP0570,"||"
ZP0571,"||"
ZP0572,"||"
ZP0573,"||"
ZP0574,"||"
ZP0575,"||"
ZP0576,"||"
ZP0577,"||"
ZP0578,"||"
ZP0579,"||"
ZP0580,"||"
ZP0581,"||"
ZP0582,"||"
ZP0583,"||"
ZP0584,"||"
ZP0585,"||"
ZP0586,"||"
ZP0587,"||"
ZP0588,"||"
ZP0589,"||"
ZP0590,"||"
ZP0591,"||"
ZP0592,"||"
ZP0593,"||"
ZP0594,"||"
ZP0595,"||"
ZP0596,"||"
ZP0597,"||"
ZP0598,"||"
ZP0599,"||"
ZP0600,"||"
ZP0601,"||"
ZP0602,"||"
ZP0603,"||"
ZP0604,"||"
ZP0605,"||"
ZP0606,"||"
ZP0607,"||"
ZP0608,"||"
ZP0609,"||"
ZP0610,"||"
ZP0611,"||"
ZP0612,"||"
ZP0613,"||"
ZP0614,"||"
ZP0615,"||"
ZP0616,"||"
ZP0617,"||"
ZP0618,"||"
ZP0619,"||"
ZP0620,"||"
ZP0621,"||"
ZP0622,"||"
ZP0623,"||"
ZP0624,"||"
ZP0625,"||"
ZP0626,"||"
ZP0627,"||"
ZP0628,"||"
ZP0629,"||"
ZP0630,"||"
ZP0631,"||"
ZP0632,"||"
ZP0633,"||"
ZP0634,"||"
ZP0635,"||"
ZP0636,"||"
ZP0637,"||"
ZP0638,"||"
ZP0639,"||"
ZP0640,"||"
ZP0641,"||"
ZP0642,"||"
ZP0643,"||"
ZP0644,"||"
ZP0645,"||"
ZP0646,"||"
ZP0647,"||"
ZP0648,"||"
ZP0649,"||"
ZP0650,"||"
ZP0651,"||"
ZP0652,"||"
ZP0653,"||"
ZP0654,"||"
ZP0655,"||"
ZP0656,"||"
ZP0657,"||"
ZP0658,"||"
ZP0659,"||"
ZP0660,"||"
ZP0661,"||"
ZP0662,"||"
ZP0663,"||"
ZP0664,"||"
ZP0665,"||"
ZP0666,"||"
ZP0667,"||"
ZP0668,"||"
ZP0669,"||"
ZP0670,"||"
ZP0671,"||"
ZP0672,"||"
ZP0673,"||"
ZP0674,"||"
ZP0675,"||"
ZP0676,"||"
ZP0677,"||"
ZP0678,"||"
ZP0679,"||"
ZP0680,"||"
ZP0681,"||"
ZP0682,"||"
ZP0683,"||"
ZP0684,"||"
ZP0685,"||"
ZP0686,"||"
ZP0687,"||"
ZP0688,"||"
ZP0689,"||"
ZP0690,"||"
ZP0691,"||"
ZP0692,"||"
ZP0693,"||"
ZP0694,"||"
ZP0695,"||"
ZP0696,"||"
ZP0697,"||"
ZP0698,"||"
ZP0699,"||"
ZP0700,"||"
ZP0701,"||"
ZP0702,"||"
ZP0703,"||"
ZP0704,"||"
ZP0705,"||"
ZP0706,"||"
ZP0707,"||"
ZP0708,"||"
ZP0709,"||"
ZP0710,"||"
ZP0711,"||"
ZP0712,"||"
ZP0713,"||"
ZP0714,"||"
ZP0715,"||"
ZP0716,"||"
ZP0717,"||"
ZP0718,"||"
ZP0719,"||"
ZP0720,"||"
ZP0721,"||"
ZP0722,"||"
ZP0723,"||"
ZP0724,"||"
ZP0725,"||"
ZP0726,"||"
ZP0727,"||"
ZP0728,"||"
ZP0729,"||"
ZP0730,"||"
ZP0731,"||"
ZP0732,"||"
ZP0733,"||"
ZP0734,"||"
ZP0735,"||"
ZP0736,"||"
ZP0737,"||"
ZP0738,"||"
ZP0739,"||"
ZP0740,"||"
ZP0741,"||"
ZP0742,"||"
ZP0743,"||"
ZP0744,"||"
ZP0745,"||"
ZP0746,"||"
ZP0747,"||"
ZP0748,"||"
ZP0749,"||"
ZP0750,"||"
ZP0751,"||"
ZP0752,"||"
ZP0753,"||"
ZP0754,"||"
ZP0755,"||"
ZP0756,"||"
ZP0757,"||"
ZP0758,"||"
ZP0759,"||"
ZP0760,"||"
ZP0761,"||"
ZP0762,"||"
ZP0763,"||"
ZP0764,"||"
ZP0765,"||"
ZP0766,"||"
ZP0767,"||"
ZP0768,"||"
ZP0769,"||"
ZP0770,"||"
ZP0771,"||"
ZP0772,"||"
ZP0773,"||"
ZP0774,"||"
ZP0775,"||"
ZP0776,"||"
ZP0777,"||"
ZP0778,"||"
ZP0779,"||"
ZP0780,"||"
ZP0781,"||"
ZP0782,"||"
ZP0783,"||"
ZP0784,"||"
ZP0785,"||"
ZP0786,"||"
ZP0787,"||"
ZP0788,"||"
ZP0789,"||"
ZP0790,"||"
ZP0791,"||"
ZP0792,"||"
ZP0793,"||"
ZP0794,"||"
ZP0795,"||"
ZP0796,"||"
ZP0797,"||"
ZP0798,"||"
ZP0799,"||"
ZP0800,"||"
ZP0801,"||"
ZP0802,"||"
ZP0803,"||"
ZP0804,"||"
ZP0805,"||"
ZP0806,"||"
ZP0807,"||"
